[2026-03-25 07:24:05] local.ERROR: There are no commands defined in the "vlot" namespace. {"exception":"[object] (Symfony\\Component\\Console\\Exception\\NamespaceNotFoundException(code: 0): There are no commands defined in the \"vlot\" namespace. at C:/Users/amir umar danial/Herd/fyp-dashboard/fyp-clean/vendor/symfony/console/Application.php:684)
[stacktrace]
#0 C:/Users/amir umar danial/Herd/fyp-dashboard/fyp-clean/vendor/symfony/console/Application.php(733): Symfony/Component/Console/Application->findNamespace('vlot')
#1 C:/Users/amir umar danial/Herd/fyp-dashboard/fyp-clean/vendor/symfony/console/Application.php(298): Symfony/Component/Console/Application->find('vlot:install')
#2 C:/Users/amir umar danial/Herd/fyp-dashboard/fyp-clean/vendor/symfony/console/Application.php(195): Symfony/Component/Console/Application->doRun(Object(Symfony/Component/Console/Input/ArgvInput), Object(Symfony/Component/Console/Output/ConsoleOutput))
#3 C:/Users/amir umar danial/Herd/fyp-dashboard/fyp-clean/vendor/laravel/framework/src/Illuminate/Foundation/Console/Kernel.php(198): Symfony/Component/Console/Application->run(Object(Symfony/Component/Console/Input/ArgvInput), Object(Symfony/Component/Console/Output/ConsoleOutput))
#4 C:/Users/amir umar danial/Herd/fyp-dashboard/fyp-clean/vendor/laravel/framework/src/Illuminate/Foundation/Application.php(1235): Illuminate/Foundation/Console/Kernel->handle(Object(Symfony/Component/Console/Input/ArgvInput), Object(Symfony/Component/Console/Output/ConsoleOutput))
#5 C:/Users/amir umar danial/Herd/fyp-dashboard/fyp-clean/artisan(16): Illuminate/Foundation/Application->handleCommand(Object(Symfony/Component/Console/Input/ArgvInput))
#6 {main}
"} 
[2026-03-25 07:38:08] local.ERROR: No hint path defined for [layouts]. (View: C:\Users\amir umar danial\Herd\fyp-dashboard\fyp-clean\storage\framework\views\4943bc92ebba41e8b0e508149542e0ad.blade.php) {"exception":"[object] (Illuminate\\View\\ViewException(code: 0): No hint path defined for [layouts]. (View: C:\\Users\\amir umar danial\\Herd\\fyp-dashboard\\fyp-clean\\storage\\framework\\views\\4943bc92ebba41e8b0e508149542e0ad.blade.php) at C:/Users/amir umar danial/Herd/fyp-dashboard/fyp-clean/vendor/laravel/framework/src/Illuminate/View/FileViewFinder.php:111)
[stacktrace]
#0 C:/Users/amir umar danial/Herd/fyp-dashboard/fyp-clean/vendor/livewire/livewire/src/Mechanisms/ExtendBlade/ExtendedCompilerEngine.php(58): Illuminate/View/Engines/CompilerEngine->handleViewException(Object(InvalidArgumentException), 1)
#1 C:/Users/amir umar danial/Herd/fyp-dashboard/fyp-clean/vendor/laravel/framework/src/Illuminate/View/Engines/PhpEngine.php(59): Livewire/Mechanisms/ExtendBlade/ExtendedCompilerEngine->handleViewException(Object(InvalidArgumentException), 1)
#2 C:/Users/amir umar danial/Herd/fyp-dashboard/fyp-clean/vendor/livewire/livewire/src/Mechanisms/ExtendBlade/ExtendedCompilerEngine.php(22): Illuminate/View/Engines/PhpEngine->evaluatePath('C://Users//amir u...', Array)
#3 C:/Users/amir umar danial/Herd/fyp-dashboard/fyp-clean/vendor/laravel/framework/src/Illuminate/View/Engines/CompilerEngine.php(76): Livewire/Mechanisms/ExtendBlade/ExtendedCompilerEngine->evaluatePath('C://Users//amir u...', Array)
#4 C:/Users/amir umar danial/Herd/fyp-dashboard/fyp-clean/vendor/livewire/livewire/src/Mechanisms/ExtendBlade/ExtendedCompilerEngine.php(10): Illuminate/View/Engines/CompilerEngine->get('C://Users//amir u...', Array)
#5 C:/Users/amir umar danial/Herd/fyp-dashboard/fyp-clean/vendor/laravel/framework/src/Illuminate/View/View.php(208): Livewire/Mechanisms/ExtendBlade/ExtendedCompilerEngine->get('C://Users//amir u...', Array)
#6 C:/Users/amir umar danial/Herd/fyp-dashboard/fyp-clean/vendor/laravel/framework/src/Illuminate/View/View.php(191): Illuminate/View/View->getContents()
#7 C:/Users/amir umar danial/Herd/fyp-dashboard/fyp-clean/vendor/laravel/framework/src/Illuminate/View/View.php(160): Illuminate/View/View->renderContents()
#8 C:/Users/amir umar danial/Herd/fyp-dashboard/fyp-clean/vendor/laravel/framework/src/Illuminate/View/Compilers/BladeCompiler.php(353): Illuminate/View/View->render()
#9 C:/Users/amir umar danial/Herd/fyp-dashboard/fyp-clean/vendor/laravel/framework/src/Illuminate/Support/Facades/Facade.php(363): Illuminate/View/Compilers/BladeCompiler::render('    <?php $layo...', Array)
#10 C:/Users/amir umar danial/Herd/fyp-dashboard/fyp-clean/vendor/livewire/livewire/src/Features/SupportPageComponents/SupportPageComponents.php(154): Illuminate/Support/Facades/Facade::__callStatic('render', Array)
#11 C:/Users/amir umar danial/Herd/fyp-dashboard/fyp-clean/vendor/livewire/livewire/src/Features/SupportPageComponents/HandlesPageComponents.php(26): Livewire/Features/SupportPageComponents/SupportPageComponents::renderContentsIntoLayout('<div wire:snaps...', Object(Livewire/Features/SupportPageComponents/PageComponentConfig))
#12 C:/Users/amir umar danial/Herd/fyp-dashboard/fyp-clean/vendor/laravel/framework/src/Illuminate/Container/BoundMethod.php(36): Livewire/Component->__invoke()
#13 C:/Users/amir umar danial/Herd/fyp-dashboard/fyp-clean/vendor/laravel/framework/src/Illuminate/Container/Util.php(43): Illuminate/Container/BoundMethod::{closure:Illuminate/Container/BoundMethod::call():35}()
#14 C:/Users/amir umar danial/Herd/fyp-dashboard/fyp-clean/vendor/laravel/framework/src/Illuminate/Container/BoundMethod.php(96): Illuminate/Container/Util::unwrapIfClosure(Object(Closure))
#15 C:/Users/amir umar danial/Herd/fyp-dashboard/fyp-clean/vendor/laravel/framework/src/Illuminate/Container/BoundMethod.php(35): Illuminate/Container/BoundMethod::callBoundMethod(Object(Illuminate/Foundation/Application), Array, Object(Closure))
#16 C:/Users/amir umar danial/Herd/fyp-dashboard/fyp-clean/vendor/laravel/framework/src/Illuminate/Container/Container.php(799): Illuminate/Container/BoundMethod::call(Object(Illuminate/Foundation/Application), Array, Array, NULL)
#17 C:/Users/amir umar danial/Herd/fyp-dashboard/fyp-clean/vendor/livewire/volt/src/VoltManager.php(37): Illuminate/Container/Container->call(Array)
#18 C:/Users/amir umar danial/Herd/fyp-dashboard/fyp-clean/vendor/laravel/framework/src/Illuminate/Routing/CallableDispatcher.php(39): Livewire/Volt/VoltManager->{closure:Livewire/Volt/VoltManager::route():34}()
#19 C:/Users/amir umar danial/Herd/fyp-dashboard/fyp-clean/vendor/laravel/framework/src/Illuminate/Routing/Route.php(247): Illuminate/Routing/CallableDispatcher->dispatch(Object(Illuminate/Routing/Route), Object(Closure))
#20 C:/Users/amir umar danial/Herd/fyp-dashboard/fyp-clean/vendor/laravel/framework/src/Illuminate/Routing/Route.php(218): Illuminate/Routing/Route->runCallable()
#21 C:/Users/amir umar danial/Herd/fyp-dashboard/fyp-clean/vendor/laravel/framework/src/Illuminate/Routing/Router.php(822): Illuminate/Routing/Route->run()
#22 C:/Users/amir umar danial/Herd/fyp-dashboard/fyp-clean/vendor/laravel/framework/src/Illuminate/Pipeline/Pipeline.php(180): Illuminate/Routing/Router->{closure:Illuminate/Routing/Router::runRouteWithinStack():821}(Object(Illuminate/Http/Request))
#23 C:/Users/amir umar danial/Herd/fyp-dashboard/fyp-clean/vendor/laravel/framework/src/Illuminate/Routing/Middleware/SubstituteBindings.php(52): Illuminate/Pipeline/Pipeline->{closure:Illuminate/Pipeline/Pipeline::prepareDestination():178}(Object(Illuminate/Http/Request))
#24 C:/Users/amir umar danial/Herd/fyp-dashboard/fyp-clean/vendor/laravel/framework/src/Illuminate/Pipeline/Pipeline.php(219): Illuminate/Routing/Middleware/SubstituteBindings->handle(Object(Illuminate/Http/Request), Object(Closure))
#25 C:/Users/amir umar danial/Herd/fyp-dashboard/fyp-clean/vendor/laravel/framework/src/Illuminate/Foundation/Http/Middleware/PreventRequestForgery.php(104): Illuminate/Pipeline/Pipeline->{closure:{closure:Illuminate/Pipeline/Pipeline::carry():194}:195}(Object(Illuminate/Http/Request))
#26 C:/Users/amir umar danial/Herd/fyp-dashboard/fyp-clean/vendor/laravel/framework/src/Illuminate/Pipeline/Pipeline.php(219): Illuminate/Foundation/Http/Middleware/PreventRequestForgery->handle(Object(Illuminate/Http/Request), Object(Closure))
#27 C:/Users/amir umar danial/Herd/fyp-dashboard/fyp-clean/vendor/laravel/framework/src/Illuminate/View/Middleware/ShareErrorsFromSession.php(48): Illuminate/Pipeline/Pipeline->{closure:{closure:Illuminate/Pipeline/Pipeline::carry():194}:195}(Object(Illuminate/Http/Request))
#28 C:/Users/amir umar danial/Herd/fyp-dashboard/fyp-clean/vendor/laravel/framework/src/Illuminate/Pipeline/Pipeline.php(219): Illuminate/View/Middleware/ShareErrorsFromSession->handle(Object(Illuminate/Http/Request), Object(Closure))
#29 C:/Users/amir umar danial/Herd/fyp-dashboard/fyp-clean/vendor/laravel/framework/src/Illuminate/Session/Middleware/StartSession.php(120): Illuminate/Pipeline/Pipeline->{closure:{closure:Illuminate/Pipeline/Pipeline::carry():194}:195}(Object(Illuminate/Http/Request))
#30 C:/Users/amir umar danial/Herd/fyp-dashboard/fyp-clean/vendor/laravel/framework/src/Illuminate/Session/Middleware/StartSession.php(63): Illuminate/Session/Middleware/StartSession->handleStatefulRequest(Object(Illuminate/Http/Request), Object(Illuminate/Session/Store), Object(Closure))
#31 C:/Users/amir umar danial/Herd/fyp-dashboard/fyp-clean/vendor/laravel/framework/src/Illuminate/Pipeline/Pipeline.php(219): Illuminate/Session/Middleware/StartSession->handle(Object(Illuminate/Http/Request), Object(Closure))
#32 C:/Users/amir umar danial/Herd/fyp-dashboard/fyp-clean/vendor/laravel/framework/src/Illuminate/Cookie/Middleware/AddQueuedCookiesToResponse.php(36): Illuminate/Pipeline/Pipeline->{closure:{closure:Illuminate/Pipeline/Pipeline::carry():194}:195}(Object(Illuminate/Http/Request))
#33 C:/Users/amir umar danial/Herd/fyp-dashboard/fyp-clean/vendor/laravel/framework/src/Illuminate/Pipeline/Pipeline.php(219): Illuminate/Cookie/Middleware/AddQueuedCookiesToResponse->handle(Object(Illuminate/Http/Request), Object(Closure))
#34 C:/Users/amir umar danial/Herd/fyp-dashboard/fyp-clean/vendor/laravel/framework/src/Illuminate/Cookie/Middleware/EncryptCookies.php(74): Illuminate/Pipeline/Pipeline->{closure:{closure:Illuminate/Pipeline/Pipeline::carry():194}:195}(Object(Illuminate/Http/Request))
#35 C:/Users/amir umar danial/Herd/fyp-dashboard/fyp-clean/vendor/laravel/framework/src/Illuminate/Pipeline/Pipeline.php(219): Illuminate/Cookie/Middleware/EncryptCookies->handle(Object(Illuminate/Http/Request), Object(Closure))
#36 C:/Users/amir umar danial/Herd/fyp-dashboard/fyp-clean/vendor/laravel/framework/src/Illuminate/Pipeline/Pipeline.php(137): Illuminate/Pipeline/Pipeline->{closure:{closure:Illuminate/Pipeline/Pipeline::carry():194}:195}(Object(Illuminate/Http/Request))
#37 C:/Users/amir umar danial/Herd/fyp-dashboard/fyp-clean/vendor/laravel/framework/src/Illuminate/Routing/Router.php(821): Illuminate/Pipeline/Pipeline->then(Object(Closure))
#38 C:/Users/amir umar danial/Herd/fyp-dashboard/fyp-clean/vendor/laravel/framework/src/Illuminate/Routing/Router.php(800): Illuminate/Routing/Router->runRouteWithinStack(Object(Illuminate/Routing/Route), Object(Illuminate/Http/Request))
#39 C:/Users/amir umar danial/Herd/fyp-dashboard/fyp-clean/vendor/laravel/framework/src/Illuminate/Routing/Router.php(764): Illuminate/Routing/Router->runRoute(Object(Illuminate/Http/Request), Object(Illuminate/Routing/Route))
#40 C:/Users/amir umar danial/Herd/fyp-dashboard/fyp-clean/vendor/laravel/framework/src/Illuminate/Routing/Router.php(753): Illuminate/Routing/Router->dispatchToRoute(Object(Illuminate/Http/Request))
#41 C:/Users/amir umar danial/Herd/fyp-dashboard/fyp-clean/vendor/laravel/framework/src/Illuminate/Foundation/Http/Kernel.php(200): Illuminate/Routing/Router->dispatch(Object(Illuminate/Http/Request))
#42 C:/Users/amir umar danial/Herd/fyp-dashboard/fyp-clean/vendor/laravel/framework/src/Illuminate/Pipeline/Pipeline.php(180): Illuminate/Foundation/Http/Kernel->{closure:Illuminate/Foundation/Http/Kernel::dispatchToRouter():197}(Object(Illuminate/Http/Request))
#43 C:/Users/amir umar danial/Herd/fyp-dashboard/fyp-clean/vendor/livewire/livewire/src/Features/SupportDisablingBackButtonCache/DisableBackButtonCacheMiddleware.php(19): Illuminate/Pipeline/Pipeline->{closure:Illuminate/Pipeline/Pipeline::prepareDestination():178}(Object(Illuminate/Http/Request))
#44 C:/Users/amir umar danial/Herd/fyp-dashboard/fyp-clean/vendor/laravel/framework/src/Illuminate/Pipeline/Pipeline.php(219): Livewire/Features/SupportDisablingBackButtonCache/DisableBackButtonCacheMiddleware->handle(Object(Illuminate/Http/Request), Object(Closure))
#45 C:/Users/amir umar danial/Herd/fyp-dashboard/fyp-clean/vendor/laravel/framework/src/Illuminate/Foundation/Http/Middleware/TransformsRequest.php(21): Illuminate/Pipeline/Pipeline->{closure:{closure:Illuminate/Pipeline/Pipeline::carry():194}:195}(Object(Illuminate/Http/Request))
#46 C:/Users/amir umar danial/Herd/fyp-dashboard/fyp-clean/vendor/laravel/framework/src/Illuminate/Foundation/Http/Middleware/ConvertEmptyStringsToNull.php(31): Illuminate/Foundation/Http/Middleware/TransformsRequest->handle(Object(Illuminate/Http/Request), Object(Closure))
#47 C:/Users/amir umar danial/Herd/fyp-dashboard/fyp-clean/vendor/laravel/framework/src/Illuminate/Pipeline/Pipeline.php(219): Illuminate/Foundation/Http/Middleware/ConvertEmptyStringsToNull->handle(Object(Illuminate/Http/Request), Object(Closure))
#48 C:/Users/amir umar danial/Herd/fyp-dashboard/fyp-clean/vendor/laravel/framework/src/Illuminate/Foundation/Http/Middleware/TransformsRequest.php(21): Illuminate/Pipeline/Pipeline->{closure:{closure:Illuminate/Pipeline/Pipeline::carry():194}:195}(Object(Illuminate/Http/Request))
#49 C:/Users/amir umar danial/Herd/fyp-dashboard/fyp-clean/vendor/laravel/framework/src/Illuminate/Foundation/Http/Middleware/TrimStrings.php(51): Illuminate/Foundation/Http/Middleware/TransformsRequest->handle(Object(Illuminate/Http/Request), Object(Closure))
#50 C:/Users/amir umar danial/Herd/fyp-dashboard/fyp-clean/vendor/laravel/framework/src/Illuminate/Pipeline/Pipeline.php(219): Illuminate/Foundation/Http/Middleware/TrimStrings->handle(Object(Illuminate/Http/Request), Object(Closure))
#51 C:/Users/amir umar danial/Herd/fyp-dashboard/fyp-clean/vendor/laravel/framework/src/Illuminate/Http/Middleware/ValidatePostSize.php(27): Illuminate/Pipeline/Pipeline->{closure:{closure:Illuminate/Pipeline/Pipeline::carry():194}:195}(Object(Illuminate/Http/Request))
#52 C:/Users/amir umar danial/Herd/fyp-dashboard/fyp-clean/vendor/laravel/framework/src/Illuminate/Pipeline/Pipeline.php(219): Illuminate/Http/Middleware/ValidatePostSize->handle(Object(Illuminate/Http/Request), Object(Closure))
#53 C:/Users/amir umar danial/Herd/fyp-dashboard/fyp-clean/vendor/laravel/framework/src/Illuminate/Foundation/Http/Middleware/PreventRequestsDuringMaintenance.php(109): Illuminate/Pipeline/Pipeline->{closure:{closure:Illuminate/Pipeline/Pipeline::carry():194}:195}(Object(Illuminate/Http/Request))
#54 C:/Users/amir umar danial/Herd/fyp-dashboard/fyp-clean/vendor/laravel/framework/src/Illuminate/Pipeline/Pipeline.php(219): Illuminate/Foundation/Http/Middleware/PreventRequestsDuringMaintenance->handle(Object(Illuminate/Http/Request), Object(Closure))
#55 C:/Users/amir umar danial/Herd/fyp-dashboard/fyp-clean/vendor/laravel/framework/src/Illuminate/Http/Middleware/HandleCors.php(61): Illuminate/Pipeline/Pipeline->{closure:{closure:Illuminate/Pipeline/Pipeline::carry():194}:195}(Object(Illuminate/Http/Request))
#56 C:/Users/amir umar danial/Herd/fyp-dashboard/fyp-clean/vendor/laravel/framework/src/Illuminate/Pipeline/Pipeline.php(219): Illuminate/Http/Middleware/HandleCors->handle(Object(Illuminate/Http/Request), Object(Closure))
#57 C:/Users/amir umar danial/Herd/fyp-dashboard/fyp-clean/vendor/laravel/framework/src/Illuminate/Http/Middleware/TrustProxies.php(58): Illuminate/Pipeline/Pipeline->{closure:{closure:Illuminate/Pipeline/Pipeline::carry():194}:195}(Object(Illuminate/Http/Request))
#58 C:/Users/amir umar danial/Herd/fyp-dashboard/fyp-clean/vendor/laravel/framework/src/Illuminate/Pipeline/Pipeline.php(219): Illuminate/Http/Middleware/TrustProxies->handle(Object(Illuminate/Http/Request), Object(Closure))
#59 C:/Users/amir umar danial/Herd/fyp-dashboard/fyp-clean/vendor/laravel/framework/src/Illuminate/Foundation/Http/Middleware/InvokeDeferredCallbacks.php(22): Illuminate/Pipeline/Pipeline->{closure:{closure:Illuminate/Pipeline/Pipeline::carry():194}:195}(Object(Illuminate/Http/Request))
#60 C:/Users/amir umar danial/Herd/fyp-dashboard/fyp-clean/vendor/laravel/framework/src/Illuminate/Pipeline/Pipeline.php(219): Illuminate/Foundation/Http/Middleware/InvokeDeferredCallbacks->handle(Object(Illuminate/Http/Request), Object(Closure))
#61 C:/Users/amir umar danial/Herd/fyp-dashboard/fyp-clean/vendor/laravel/framework/src/Illuminate/Http/Middleware/ValidatePathEncoding.php(28): Illuminate/Pipeline/Pipeline->{closure:{closure:Illuminate/Pipeline/Pipeline::carry():194}:195}(Object(Illuminate/Http/Request))
#62 C:/Users/amir umar danial/Herd/fyp-dashboard/fyp-clean/vendor/laravel/framework/src/Illuminate/Pipeline/Pipeline.php(219): Illuminate/Http/Middleware/ValidatePathEncoding->handle(Object(Illuminate/Http/Request), Object(Closure))
#63 C:/Users/amir umar danial/Herd/fyp-dashboard/fyp-clean/vendor/laravel/framework/src/Illuminate/Pipeline/Pipeline.php(137): Illuminate/Pipeline/Pipeline->{closure:{closure:Illuminate/Pipeline/Pipeline::carry():194}:195}(Object(Illuminate/Http/Request))
#64 C:/Users/amir umar danial/Herd/fyp-dashboard/fyp-clean/vendor/laravel/framework/src/Illuminate/Foundation/Http/Kernel.php(175): Illuminate/Pipeline/Pipeline->then(Object(Closure))
#65 C:/Users/amir umar danial/Herd/fyp-dashboard/fyp-clean/vendor/laravel/framework/src/Illuminate/Foundation/Http/Kernel.php(144): Illuminate/Foundation/Http/Kernel->sendRequestThroughRouter(Object(Illuminate/Http/Request))
#66 C:/Users/amir umar danial/Herd/fyp-dashboard/fyp-clean/vendor/laravel/framework/src/Illuminate/Foundation/Application.php(1220): Illuminate/Foundation/Http/Kernel->handle(Object(Illuminate/Http/Request))
#67 C:/Users/amir umar danial/Herd/fyp-dashboard/fyp-clean/public/index.php(20): Illuminate/Foundation/Application->handleRequest(Object(Illuminate/Http/Request))
#68 C:/Program Files/Herd/resources/app.asar.unpacked/resources/valet/server.php(139): require('C://Users//amir u...')
#69 {main}

[previous exception] [object] (InvalidArgumentException(code: 0): No hint path defined for [layouts]. at C:/Users/amir umar danial/Herd/fyp-dashboard/fyp-clean/vendor/laravel/framework/src/Illuminate/View/FileViewFinder.php:111)
[stacktrace]
#0 C:/Users/amir umar danial/Herd/fyp-dashboard/fyp-clean/vendor/laravel/framework/src/Illuminate/View/FileViewFinder.php(89): Illuminate/View/FileViewFinder->parseNamespaceSegments('layouts::app')
#1 C:/Users/amir umar danial/Herd/fyp-dashboard/fyp-clean/vendor/laravel/framework/src/Illuminate/View/FileViewFinder.php(75): Illuminate/View/FileViewFinder->findNamespacedView('layouts::app')
#2 C:/Users/amir umar danial/Herd/fyp-dashboard/fyp-clean/vendor/laravel/framework/src/Illuminate/View/Factory.php(150): Illuminate/View/FileViewFinder->find('layouts::app')
#3 C:/Users/amir umar danial/Herd/fyp-dashboard/fyp-clean/vendor/laravel/framework/src/Illuminate/View/Concerns/ManagesComponents.php(103): Illuminate/View/Factory->make('layouts::app', Array)
#4 C:/Users/amir umar danial/Herd/fyp-dashboard/fyp-clean/storage/framework/views/1988e30fa64d657ad7abbfe9aa2419c9.php(17): Illuminate/View/Factory->renderComponent()
#5 C:/Users/amir umar danial/Herd/fyp-dashboard/fyp-clean/vendor/laravel/framework/src/Illuminate/Filesystem/Filesystem.php(123): require('C://Users//amir u...')
#6 C:/Users/amir umar danial/Herd/fyp-dashboard/fyp-clean/vendor/laravel/framework/src/Illuminate/Filesystem/Filesystem.php(124): Illuminate/Filesystem/Filesystem::{closure:Illuminate/Filesystem/Filesystem::getRequire():120}()
#7 C:/Users/amir umar danial/Herd/fyp-dashboard/fyp-clean/vendor/laravel/framework/src/Illuminate/View/Engines/PhpEngine.php(57): Illuminate/Filesystem/Filesystem->getRequire('C://Users//amir u...', Array)
#8 C:/Users/amir umar danial/Herd/fyp-dashboard/fyp-clean/vendor/livewire/livewire/src/Mechanisms/ExtendBlade/ExtendedCompilerEngine.php(22): Illuminate/View/Engines/PhpEngine->evaluatePath('C://Users//amir u...', Array)
#9 C:/Users/amir umar danial/Herd/fyp-dashboard/fyp-clean/vendor/laravel/framework/src/Illuminate/View/Engines/CompilerEngine.php(76): Livewire/Mechanisms/ExtendBlade/ExtendedCompilerEngine->evaluatePath('C://Users//amir u...', Array)
#10 C:/Users/amir umar danial/Herd/fyp-dashboard/fyp-clean/vendor/livewire/livewire/src/Mechanisms/ExtendBlade/ExtendedCompilerEngine.php(10): Illuminate/View/Engines/CompilerEngine->get('C://Users//amir u...', Array)
#11 C:/Users/amir umar danial/Herd/fyp-dashboard/fyp-clean/vendor/laravel/framework/src/Illuminate/View/View.php(208): Livewire/Mechanisms/ExtendBlade/ExtendedCompilerEngine->get('C://Users//amir u...', Array)
#12 C:/Users/amir umar danial/Herd/fyp-dashboard/fyp-clean/vendor/laravel/framework/src/Illuminate/View/View.php(191): Illuminate/View/View->getContents()
#13 C:/Users/amir umar danial/Herd/fyp-dashboard/fyp-clean/vendor/laravel/framework/src/Illuminate/View/View.php(160): Illuminate/View/View->renderContents()
#14 C:/Users/amir umar danial/Herd/fyp-dashboard/fyp-clean/vendor/laravel/framework/src/Illuminate/View/Compilers/BladeCompiler.php(353): Illuminate/View/View->render()
#15 C:/Users/amir umar danial/Herd/fyp-dashboard/fyp-clean/vendor/laravel/framework/src/Illuminate/Support/Facades/Facade.php(363): Illuminate/View/Compilers/BladeCompiler::render('    <?php $layo...', Array)
#16 C:/Users/amir umar danial/Herd/fyp-dashboard/fyp-clean/vendor/livewire/livewire/src/Features/SupportPageComponents/SupportPageComponents.php(154): Illuminate/Support/Facades/Facade::__callStatic('render', Array)
#17 C:/Users/amir umar danial/Herd/fyp-dashboard/fyp-clean/vendor/livewire/livewire/src/Features/SupportPageComponents/HandlesPageComponents.php(26): Livewire/Features/SupportPageComponents/SupportPageComponents::renderContentsIntoLayout('<div wire:snaps...', Object(Livewire/Features/SupportPageComponents/PageComponentConfig))
#18 C:/Users/amir umar danial/Herd/fyp-dashboard/fyp-clean/vendor/laravel/framework/src/Illuminate/Container/BoundMethod.php(36): Livewire/Component->__invoke()
#19 C:/Users/amir umar danial/Herd/fyp-dashboard/fyp-clean/vendor/laravel/framework/src/Illuminate/Container/Util.php(43): Illuminate/Container/BoundMethod::{closure:Illuminate/Container/BoundMethod::call():35}()
#20 C:/Users/amir umar danial/Herd/fyp-dashboard/fyp-clean/vendor/laravel/framework/src/Illuminate/Container/BoundMethod.php(96): Illuminate/Container/Util::unwrapIfClosure(Object(Closure))
#21 C:/Users/amir umar danial/Herd/fyp-dashboard/fyp-clean/vendor/laravel/framework/src/Illuminate/Container/BoundMethod.php(35): Illuminate/Container/BoundMethod::callBoundMethod(Object(Illuminate/Foundation/Application), Array, Object(Closure))
#22 C:/Users/amir umar danial/Herd/fyp-dashboard/fyp-clean/vendor/laravel/framework/src/Illuminate/Container/Container.php(799): Illuminate/Container/BoundMethod::call(Object(Illuminate/Foundation/Application), Array, Array, NULL)
#23 C:/Users/amir umar danial/Herd/fyp-dashboard/fyp-clean/vendor/livewire/volt/src/VoltManager.php(37): Illuminate/Container/Container->call(Array)
#24 C:/Users/amir umar danial/Herd/fyp-dashboard/fyp-clean/vendor/laravel/framework/src/Illuminate/Routing/CallableDispatcher.php(39): Livewire/Volt/VoltManager->{closure:Livewire/Volt/VoltManager::route():34}()
#25 C:/Users/amir umar danial/Herd/fyp-dashboard/fyp-clean/vendor/laravel/framework/src/Illuminate/Routing/Route.php(247): Illuminate/Routing/CallableDispatcher->dispatch(Object(Illuminate/Routing/Route), Object(Closure))
#26 C:/Users/amir umar danial/Herd/fyp-dashboard/fyp-clean/vendor/laravel/framework/src/Illuminate/Routing/Route.php(218): Illuminate/Routing/Route->runCallable()
#27 C:/Users/amir umar danial/Herd/fyp-dashboard/fyp-clean/vendor/laravel/framework/src/Illuminate/Routing/Router.php(822): Illuminate/Routing/Route->run()
#28 C:/Users/amir umar danial/Herd/fyp-dashboard/fyp-clean/vendor/laravel/framework/src/Illuminate/Pipeline/Pipeline.php(180): Illuminate/Routing/Router->{closure:Illuminate/Routing/Router::runRouteWithinStack():821}(Object(Illuminate/Http/Request))
#29 C:/Users/amir umar danial/Herd/fyp-dashboard/fyp-clean/vendor/laravel/framework/src/Illuminate/Routing/Middleware/SubstituteBindings.php(52): Illuminate/Pipeline/Pipeline->{closure:Illuminate/Pipeline/Pipeline::prepareDestination():178}(Object(Illuminate/Http/Request))
#30 C:/Users/amir umar danial/Herd/fyp-dashboard/fyp-clean/vendor/laravel/framework/src/Illuminate/Pipeline/Pipeline.php(219): Illuminate/Routing/Middleware/SubstituteBindings->handle(Object(Illuminate/Http/Request), Object(Closure))
#31 C:/Users/amir umar danial/Herd/fyp-dashboard/fyp-clean/vendor/laravel/framework/src/Illuminate/Foundation/Http/Middleware/PreventRequestForgery.php(104): Illuminate/Pipeline/Pipeline->{closure:{closure:Illuminate/Pipeline/Pipeline::carry():194}:195}(Object(Illuminate/Http/Request))
#32 C:/Users/amir umar danial/Herd/fyp-dashboard/fyp-clean/vendor/laravel/framework/src/Illuminate/Pipeline/Pipeline.php(219): Illuminate/Foundation/Http/Middleware/PreventRequestForgery->handle(Object(Illuminate/Http/Request), Object(Closure))
#33 C:/Users/amir umar danial/Herd/fyp-dashboard/fyp-clean/vendor/laravel/framework/src/Illuminate/View/Middleware/ShareErrorsFromSession.php(48): Illuminate/Pipeline/Pipeline->{closure:{closure:Illuminate/Pipeline/Pipeline::carry():194}:195}(Object(Illuminate/Http/Request))
#34 C:/Users/amir umar danial/Herd/fyp-dashboard/fyp-clean/vendor/laravel/framework/src/Illuminate/Pipeline/Pipeline.php(219): Illuminate/View/Middleware/ShareErrorsFromSession->handle(Object(Illuminate/Http/Request), Object(Closure))
#35 C:/Users/amir umar danial/Herd/fyp-dashboard/fyp-clean/vendor/laravel/framework/src/Illuminate/Session/Middleware/StartSession.php(120): Illuminate/Pipeline/Pipeline->{closure:{closure:Illuminate/Pipeline/Pipeline::carry():194}:195}(Object(Illuminate/Http/Request))
#36 C:/Users/amir umar danial/Herd/fyp-dashboard/fyp-clean/vendor/laravel/framework/src/Illuminate/Session/Middleware/StartSession.php(63): Illuminate/Session/Middleware/StartSession->handleStatefulRequest(Object(Illuminate/Http/Request), Object(Illuminate/Session/Store), Object(Closure))
#37 C:/Users/amir umar danial/Herd/fyp-dashboard/fyp-clean/vendor/laravel/framework/src/Illuminate/Pipeline/Pipeline.php(219): Illuminate/Session/Middleware/StartSession->handle(Object(Illuminate/Http/Request), Object(Closure))
#38 C:/Users/amir umar danial/Herd/fyp-dashboard/fyp-clean/vendor/laravel/framework/src/Illuminate/Cookie/Middleware/AddQueuedCookiesToResponse.php(36): Illuminate/Pipeline/Pipeline->{closure:{closure:Illuminate/Pipeline/Pipeline::carry():194}:195}(Object(Illuminate/Http/Request))
#39 C:/Users/amir umar danial/Herd/fyp-dashboard/fyp-clean/vendor/laravel/framework/src/Illuminate/Pipeline/Pipeline.php(219): Illuminate/Cookie/Middleware/AddQueuedCookiesToResponse->handle(Object(Illuminate/Http/Request), Object(Closure))
#40 C:/Users/amir umar danial/Herd/fyp-dashboard/fyp-clean/vendor/laravel/framework/src/Illuminate/Cookie/Middleware/EncryptCookies.php(74): Illuminate/Pipeline/Pipeline->{closure:{closure:Illuminate/Pipeline/Pipeline::carry():194}:195}(Object(Illuminate/Http/Request))
#41 C:/Users/amir umar danial/Herd/fyp-dashboard/fyp-clean/vendor/laravel/framework/src/Illuminate/Pipeline/Pipeline.php(219): Illuminate/Cookie/Middleware/EncryptCookies->handle(Object(Illuminate/Http/Request), Object(Closure))
#42 C:/Users/amir umar danial/Herd/fyp-dashboard/fyp-clean/vendor/laravel/framework/src/Illuminate/Pipeline/Pipeline.php(137): Illuminate/Pipeline/Pipeline->{closure:{closure:Illuminate/Pipeline/Pipeline::carry():194}:195}(Object(Illuminate/Http/Request))
#43 C:/Users/amir umar danial/Herd/fyp-dashboard/fyp-clean/vendor/laravel/framework/src/Illuminate/Routing/Router.php(821): Illuminate/Pipeline/Pipeline->then(Object(Closure))
#44 C:/Users/amir umar danial/Herd/fyp-dashboard/fyp-clean/vendor/laravel/framework/src/Illuminate/Routing/Router.php(800): Illuminate/Routing/Router->runRouteWithinStack(Object(Illuminate/Routing/Route), Object(Illuminate/Http/Request))
#45 C:/Users/amir umar danial/Herd/fyp-dashboard/fyp-clean/vendor/laravel/framework/src/Illuminate/Routing/Router.php(764): Illuminate/Routing/Router->runRoute(Object(Illuminate/Http/Request), Object(Illuminate/Routing/Route))
#46 C:/Users/amir umar danial/Herd/fyp-dashboard/fyp-clean/vendor/laravel/framework/src/Illuminate/Routing/Router.php(753): Illuminate/Routing/Router->dispatchToRoute(Object(Illuminate/Http/Request))
#47 C:/Users/amir umar danial/Herd/fyp-dashboard/fyp-clean/vendor/laravel/framework/src/Illuminate/Foundation/Http/Kernel.php(200): Illuminate/Routing/Router->dispatch(Object(Illuminate/Http/Request))
#48 C:/Users/amir umar danial/Herd/fyp-dashboard/fyp-clean/vendor/laravel/framework/src/Illuminate/Pipeline/Pipeline.php(180): Illuminate/Foundation/Http/Kernel->{closure:Illuminate/Foundation/Http/Kernel::dispatchToRouter():197}(Object(Illuminate/Http/Request))
#49 C:/Users/amir umar danial/Herd/fyp-dashboard/fyp-clean/vendor/livewire/livewire/src/Features/SupportDisablingBackButtonCache/DisableBackButtonCacheMiddleware.php(19): Illuminate/Pipeline/Pipeline->{closure:Illuminate/Pipeline/Pipeline::prepareDestination():178}(Object(Illuminate/Http/Request))
#50 C:/Users/amir umar danial/Herd/fyp-dashboard/fyp-clean/vendor/laravel/framework/src/Illuminate/Pipeline/Pipeline.php(219): Livewire/Features/SupportDisablingBackButtonCache/DisableBackButtonCacheMiddleware->handle(Object(Illuminate/Http/Request), Object(Closure))
#51 C:/Users/amir umar danial/Herd/fyp-dashboard/fyp-clean/vendor/laravel/framework/src/Illuminate/Foundation/Http/Middleware/TransformsRequest.php(21): Illuminate/Pipeline/Pipeline->{closure:{closure:Illuminate/Pipeline/Pipeline::carry():194}:195}(Object(Illuminate/Http/Request))
#52 C:/Users/amir umar danial/Herd/fyp-dashboard/fyp-clean/vendor/laravel/framework/src/Illuminate/Foundation/Http/Middleware/ConvertEmptyStringsToNull.php(31): Illuminate/Foundation/Http/Middleware/TransformsRequest->handle(Object(Illuminate/Http/Request), Object(Closure))
#53 C:/Users/amir umar danial/Herd/fyp-dashboard/fyp-clean/vendor/laravel/framework/src/Illuminate/Pipeline/Pipeline.php(219): Illuminate/Foundation/Http/Middleware/ConvertEmptyStringsToNull->handle(Object(Illuminate/Http/Request), Object(Closure))
#54 C:/Users/amir umar danial/Herd/fyp-dashboard/fyp-clean/vendor/laravel/framework/src/Illuminate/Foundation/Http/Middleware/TransformsRequest.php(21): Illuminate/Pipeline/Pipeline->{closure:{closure:Illuminate/Pipeline/Pipeline::carry():194}:195}(Object(Illuminate/Http/Request))
#55 C:/Users/amir umar danial/Herd/fyp-dashboard/fyp-clean/vendor/laravel/framework/src/Illuminate/Foundation/Http/Middleware/TrimStrings.php(51): Illuminate/Foundation/Http/Middleware/TransformsRequest->handle(Object(Illuminate/Http/Request), Object(Closure))
#56 C:/Users/amir umar danial/Herd/fyp-dashboard/fyp-clean/vendor/laravel/framework/src/Illuminate/Pipeline/Pipeline.php(219): Illuminate/Foundation/Http/Middleware/TrimStrings->handle(Object(Illuminate/Http/Request), Object(Closure))
#57 C:/Users/amir umar danial/Herd/fyp-dashboard/fyp-clean/vendor/laravel/framework/src/Illuminate/Http/Middleware/ValidatePostSize.php(27): Illuminate/Pipeline/Pipeline->{closure:{closure:Illuminate/Pipeline/Pipeline::carry():194}:195}(Object(Illuminate/Http/Request))
#58 C:/Users/amir umar danial/Herd/fyp-dashboard/fyp-clean/vendor/laravel/framework/src/Illuminate/Pipeline/Pipeline.php(219): Illuminate/Http/Middleware/ValidatePostSize->handle(Object(Illuminate/Http/Request), Object(Closure))
#59 C:/Users/amir umar danial/Herd/fyp-dashboard/fyp-clean/vendor/laravel/framework/src/Illuminate/Foundation/Http/Middleware/PreventRequestsDuringMaintenance.php(109): Illuminate/Pipeline/Pipeline->{closure:{closure:Illuminate/Pipeline/Pipeline::carry():194}:195}(Object(Illuminate/Http/Request))
#60 C:/Users/amir umar danial/Herd/fyp-dashboard/fyp-clean/vendor/laravel/framework/src/Illuminate/Pipeline/Pipeline.php(219): Illuminate/Foundation/Http/Middleware/PreventRequestsDuringMaintenance->handle(Object(Illuminate/Http/Request), Object(Closure))
#61 C:/Users/amir umar danial/Herd/fyp-dashboard/fyp-clean/vendor/laravel/framework/src/Illuminate/Http/Middleware/HandleCors.php(61): Illuminate/Pipeline/Pipeline->{closure:{closure:Illuminate/Pipeline/Pipeline::carry():194}:195}(Object(Illuminate/Http/Request))
#62 C:/Users/amir umar danial/Herd/fyp-dashboard/fyp-clean/vendor/laravel/framework/src/Illuminate/Pipeline/Pipeline.php(219): Illuminate/Http/Middleware/HandleCors->handle(Object(Illuminate/Http/Request), Object(Closure))
#63 C:/Users/amir umar danial/Herd/fyp-dashboard/fyp-clean/vendor/laravel/framework/src/Illuminate/Http/Middleware/TrustProxies.php(58): Illuminate/Pipeline/Pipeline->{closure:{closure:Illuminate/Pipeline/Pipeline::carry():194}:195}(Object(Illuminate/Http/Request))
#64 C:/Users/amir umar danial/Herd/fyp-dashboard/fyp-clean/vendor/laravel/framework/src/Illuminate/Pipeline/Pipeline.php(219): Illuminate/Http/Middleware/TrustProxies->handle(Object(Illuminate/Http/Request), Object(Closure))
#65 C:/Users/amir umar danial/Herd/fyp-dashboard/fyp-clean/vendor/laravel/framework/src/Illuminate/Foundation/Http/Middleware/InvokeDeferredCallbacks.php(22): Illuminate/Pipeline/Pipeline->{closure:{closure:Illuminate/Pipeline/Pipeline::carry():194}:195}(Object(Illuminate/Http/Request))
#66 C:/Users/amir umar danial/Herd/fyp-dashboard/fyp-clean/vendor/laravel/framework/src/Illuminate/Pipeline/Pipeline.php(219): Illuminate/Foundation/Http/Middleware/InvokeDeferredCallbacks->handle(Object(Illuminate/Http/Request), Object(Closure))
#67 C:/Users/amir umar danial/Herd/fyp-dashboard/fyp-clean/vendor/laravel/framework/src/Illuminate/Http/Middleware/ValidatePathEncoding.php(28): Illuminate/Pipeline/Pipeline->{closure:{closure:Illuminate/Pipeline/Pipeline::carry():194}:195}(Object(Illuminate/Http/Request))
#68 C:/Users/amir umar danial/Herd/fyp-dashboard/fyp-clean/vendor/laravel/framework/src/Illuminate/Pipeline/Pipeline.php(219): Illuminate/Http/Middleware/ValidatePathEncoding->handle(Object(Illuminate/Http/Request), Object(Closure))
#69 C:/Users/amir umar danial/Herd/fyp-dashboard/fyp-clean/vendor/laravel/framework/src/Illuminate/Pipeline/Pipeline.php(137): Illuminate/Pipeline/Pipeline->{closure:{closure:Illuminate/Pipeline/Pipeline::carry():194}:195}(Object(Illuminate/Http/Request))
#70 C:/Users/amir umar danial/Herd/fyp-dashboard/fyp-clean/vendor/laravel/framework/src/Illuminate/Foundation/Http/Kernel.php(175): Illuminate/Pipeline/Pipeline->then(Object(Closure))
#71 C:/Users/amir umar danial/Herd/fyp-dashboard/fyp-clean/vendor/laravel/framework/src/Illuminate/Foundation/Http/Kernel.php(144): Illuminate/Foundation/Http/Kernel->sendRequestThroughRouter(Object(Illuminate/Http/Request))
#72 C:/Users/amir umar danial/Herd/fyp-dashboard/fyp-clean/vendor/laravel/framework/src/Illuminate/Foundation/Application.php(1220): Illuminate/Foundation/Http/Kernel->handle(Object(Illuminate/Http/Request))
#73 C:/Users/amir umar danial/Herd/fyp-dashboard/fyp-clean/public/index.php(20): Illuminate/Foundation/Application->handleRequest(Object(Illuminate/Http/Request))
#74 C:/Program Files/Herd/resources/app.asar.unpacked/resources/valet/server.php(139): require('C://Users//amir u...')
#75 {main}
"} 
[2026-03-25 07:38:28] local.ERROR: No hint path defined for [layouts]. (View: C:\Users\amir umar danial\Herd\fyp-dashboard\fyp-clean\storage\framework\views\4943bc92ebba41e8b0e508149542e0ad.blade.php) {"exception":"[object] (Illuminate\\View\\ViewException(code: 0): No hint path defined for [layouts]. (View: C:\\Users\\amir umar danial\\Herd\\fyp-dashboard\\fyp-clean\\storage\\framework\\views\\4943bc92ebba41e8b0e508149542e0ad.blade.php) at C:/Users/amir umar danial/Herd/fyp-dashboard/fyp-clean/vendor/laravel/framework/src/Illuminate/View/FileViewFinder.php:111)
[stacktrace]
#0 C:/Users/amir umar danial/Herd/fyp-dashboard/fyp-clean/vendor/livewire/livewire/src/Mechanisms/ExtendBlade/ExtendedCompilerEngine.php(58): Illuminate/View/Engines/CompilerEngine->handleViewException(Object(InvalidArgumentException), 1)
#1 C:/Users/amir umar danial/Herd/fyp-dashboard/fyp-clean/vendor/laravel/framework/src/Illuminate/View/Engines/PhpEngine.php(59): Livewire/Mechanisms/ExtendBlade/ExtendedCompilerEngine->handleViewException(Object(InvalidArgumentException), 1)
#2 C:/Users/amir umar danial/Herd/fyp-dashboard/fyp-clean/vendor/livewire/livewire/src/Mechanisms/ExtendBlade/ExtendedCompilerEngine.php(22): Illuminate/View/Engines/PhpEngine->evaluatePath('C://Users//amir u...', Array)
#3 C:/Users/amir umar danial/Herd/fyp-dashboard/fyp-clean/vendor/laravel/framework/src/Illuminate/View/Engines/CompilerEngine.php(76): Livewire/Mechanisms/ExtendBlade/ExtendedCompilerEngine->evaluatePath('C://Users//amir u...', Array)
#4 C:/Users/amir umar danial/Herd/fyp-dashboard/fyp-clean/vendor/livewire/livewire/src/Mechanisms/ExtendBlade/ExtendedCompilerEngine.php(10): Illuminate/View/Engines/CompilerEngine->get('C://Users//amir u...', Array)
#5 C:/Users/amir umar danial/Herd/fyp-dashboard/fyp-clean/vendor/laravel/framework/src/Illuminate/View/View.php(208): Livewire/Mechanisms/ExtendBlade/ExtendedCompilerEngine->get('C://Users//amir u...', Array)
#6 C:/Users/amir umar danial/Herd/fyp-dashboard/fyp-clean/vendor/laravel/framework/src/Illuminate/View/View.php(191): Illuminate/View/View->getContents()
#7 C:/Users/amir umar danial/Herd/fyp-dashboard/fyp-clean/vendor/laravel/framework/src/Illuminate/View/View.php(160): Illuminate/View/View->renderContents()
#8 C:/Users/amir umar danial/Herd/fyp-dashboard/fyp-clean/vendor/laravel/framework/src/Illuminate/View/Compilers/BladeCompiler.php(353): Illuminate/View/View->render()
#9 C:/Users/amir umar danial/Herd/fyp-dashboard/fyp-clean/vendor/laravel/framework/src/Illuminate/Support/Facades/Facade.php(363): Illuminate/View/Compilers/BladeCompiler::render('    <?php $layo...', Array)
#10 C:/Users/amir umar danial/Herd/fyp-dashboard/fyp-clean/vendor/livewire/livewire/src/Features/SupportPageComponents/SupportPageComponents.php(154): Illuminate/Support/Facades/Facade::__callStatic('render', Array)
#11 C:/Users/amir umar danial/Herd/fyp-dashboard/fyp-clean/vendor/livewire/livewire/src/Features/SupportPageComponents/HandlesPageComponents.php(26): Livewire/Features/SupportPageComponents/SupportPageComponents::renderContentsIntoLayout('<div wire:snaps...', Object(Livewire/Features/SupportPageComponents/PageComponentConfig))
#12 C:/Users/amir umar danial/Herd/fyp-dashboard/fyp-clean/vendor/laravel/framework/src/Illuminate/Container/BoundMethod.php(36): Livewire/Component->__invoke()
#13 C:/Users/amir umar danial/Herd/fyp-dashboard/fyp-clean/vendor/laravel/framework/src/Illuminate/Container/Util.php(43): Illuminate/Container/BoundMethod::{closure:Illuminate/Container/BoundMethod::call():35}()
#14 C:/Users/amir umar danial/Herd/fyp-dashboard/fyp-clean/vendor/laravel/framework/src/Illuminate/Container/BoundMethod.php(96): Illuminate/Container/Util::unwrapIfClosure(Object(Closure))
#15 C:/Users/amir umar danial/Herd/fyp-dashboard/fyp-clean/vendor/laravel/framework/src/Illuminate/Container/BoundMethod.php(35): Illuminate/Container/BoundMethod::callBoundMethod(Object(Illuminate/Foundation/Application), Array, Object(Closure))
#16 C:/Users/amir umar danial/Herd/fyp-dashboard/fyp-clean/vendor/laravel/framework/src/Illuminate/Container/Container.php(799): Illuminate/Container/BoundMethod::call(Object(Illuminate/Foundation/Application), Array, Array, NULL)
#17 C:/Users/amir umar danial/Herd/fyp-dashboard/fyp-clean/vendor/livewire/volt/src/VoltManager.php(37): Illuminate/Container/Container->call(Array)
#18 C:/Users/amir umar danial/Herd/fyp-dashboard/fyp-clean/vendor/laravel/framework/src/Illuminate/Routing/CallableDispatcher.php(39): Livewire/Volt/VoltManager->{closure:Livewire/Volt/VoltManager::route():34}()
#19 C:/Users/amir umar danial/Herd/fyp-dashboard/fyp-clean/vendor/laravel/framework/src/Illuminate/Routing/Route.php(247): Illuminate/Routing/CallableDispatcher->dispatch(Object(Illuminate/Routing/Route), Object(Closure))
#20 C:/Users/amir umar danial/Herd/fyp-dashboard/fyp-clean/vendor/laravel/framework/src/Illuminate/Routing/Route.php(218): Illuminate/Routing/Route->runCallable()
#21 C:/Users/amir umar danial/Herd/fyp-dashboard/fyp-clean/vendor/laravel/framework/src/Illuminate/Routing/Router.php(822): Illuminate/Routing/Route->run()
#22 C:/Users/amir umar danial/Herd/fyp-dashboard/fyp-clean/vendor/laravel/framework/src/Illuminate/Pipeline/Pipeline.php(180): Illuminate/Routing/Router->{closure:Illuminate/Routing/Router::runRouteWithinStack():821}(Object(Illuminate/Http/Request))
#23 C:/Users/amir umar danial/Herd/fyp-dashboard/fyp-clean/vendor/laravel/framework/src/Illuminate/Routing/Middleware/SubstituteBindings.php(52): Illuminate/Pipeline/Pipeline->{closure:Illuminate/Pipeline/Pipeline::prepareDestination():178}(Object(Illuminate/Http/Request))
#24 C:/Users/amir umar danial/Herd/fyp-dashboard/fyp-clean/vendor/laravel/framework/src/Illuminate/Pipeline/Pipeline.php(219): Illuminate/Routing/Middleware/SubstituteBindings->handle(Object(Illuminate/Http/Request), Object(Closure))
#25 C:/Users/amir umar danial/Herd/fyp-dashboard/fyp-clean/vendor/laravel/framework/src/Illuminate/Foundation/Http/Middleware/PreventRequestForgery.php(104): Illuminate/Pipeline/Pipeline->{closure:{closure:Illuminate/Pipeline/Pipeline::carry():194}:195}(Object(Illuminate/Http/Request))
#26 C:/Users/amir umar danial/Herd/fyp-dashboard/fyp-clean/vendor/laravel/framework/src/Illuminate/Pipeline/Pipeline.php(219): Illuminate/Foundation/Http/Middleware/PreventRequestForgery->handle(Object(Illuminate/Http/Request), Object(Closure))
#27 C:/Users/amir umar danial/Herd/fyp-dashboard/fyp-clean/vendor/laravel/framework/src/Illuminate/View/Middleware/ShareErrorsFromSession.php(48): Illuminate/Pipeline/Pipeline->{closure:{closure:Illuminate/Pipeline/Pipeline::carry():194}:195}(Object(Illuminate/Http/Request))
#28 C:/Users/amir umar danial/Herd/fyp-dashboard/fyp-clean/vendor/laravel/framework/src/Illuminate/Pipeline/Pipeline.php(219): Illuminate/View/Middleware/ShareErrorsFromSession->handle(Object(Illuminate/Http/Request), Object(Closure))
#29 C:/Users/amir umar danial/Herd/fyp-dashboard/fyp-clean/vendor/laravel/framework/src/Illuminate/Session/Middleware/StartSession.php(120): Illuminate/Pipeline/Pipeline->{closure:{closure:Illuminate/Pipeline/Pipeline::carry():194}:195}(Object(Illuminate/Http/Request))
#30 C:/Users/amir umar danial/Herd/fyp-dashboard/fyp-clean/vendor/laravel/framework/src/Illuminate/Session/Middleware/StartSession.php(63): Illuminate/Session/Middleware/StartSession->handleStatefulRequest(Object(Illuminate/Http/Request), Object(Illuminate/Session/Store), Object(Closure))
#31 C:/Users/amir umar danial/Herd/fyp-dashboard/fyp-clean/vendor/laravel/framework/src/Illuminate/Pipeline/Pipeline.php(219): Illuminate/Session/Middleware/StartSession->handle(Object(Illuminate/Http/Request), Object(Closure))
#32 C:/Users/amir umar danial/Herd/fyp-dashboard/fyp-clean/vendor/laravel/framework/src/Illuminate/Cookie/Middleware/AddQueuedCookiesToResponse.php(36): Illuminate/Pipeline/Pipeline->{closure:{closure:Illuminate/Pipeline/Pipeline::carry():194}:195}(Object(Illuminate/Http/Request))
#33 C:/Users/amir umar danial/Herd/fyp-dashboard/fyp-clean/vendor/laravel/framework/src/Illuminate/Pipeline/Pipeline.php(219): Illuminate/Cookie/Middleware/AddQueuedCookiesToResponse->handle(Object(Illuminate/Http/Request), Object(Closure))
#34 C:/Users/amir umar danial/Herd/fyp-dashboard/fyp-clean/vendor/laravel/framework/src/Illuminate/Cookie/Middleware/EncryptCookies.php(74): Illuminate/Pipeline/Pipeline->{closure:{closure:Illuminate/Pipeline/Pipeline::carry():194}:195}(Object(Illuminate/Http/Request))
#35 C:/Users/amir umar danial/Herd/fyp-dashboard/fyp-clean/vendor/laravel/framework/src/Illuminate/Pipeline/Pipeline.php(219): Illuminate/Cookie/Middleware/EncryptCookies->handle(Object(Illuminate/Http/Request), Object(Closure))
#36 C:/Users/amir umar danial/Herd/fyp-dashboard/fyp-clean/vendor/laravel/framework/src/Illuminate/Pipeline/Pipeline.php(137): Illuminate/Pipeline/Pipeline->{closure:{closure:Illuminate/Pipeline/Pipeline::carry():194}:195}(Object(Illuminate/Http/Request))
#37 C:/Users/amir umar danial/Herd/fyp-dashboard/fyp-clean/vendor/laravel/framework/src/Illuminate/Routing/Router.php(821): Illuminate/Pipeline/Pipeline->then(Object(Closure))
#38 C:/Users/amir umar danial/Herd/fyp-dashboard/fyp-clean/vendor/laravel/framework/src/Illuminate/Routing/Router.php(800): Illuminate/Routing/Router->runRouteWithinStack(Object(Illuminate/Routing/Route), Object(Illuminate/Http/Request))
#39 C:/Users/amir umar danial/Herd/fyp-dashboard/fyp-clean/vendor/laravel/framework/src/Illuminate/Routing/Router.php(764): Illuminate/Routing/Router->runRoute(Object(Illuminate/Http/Request), Object(Illuminate/Routing/Route))
#40 C:/Users/amir umar danial/Herd/fyp-dashboard/fyp-clean/vendor/laravel/framework/src/Illuminate/Routing/Router.php(753): Illuminate/Routing/Router->dispatchToRoute(Object(Illuminate/Http/Request))
#41 C:/Users/amir umar danial/Herd/fyp-dashboard/fyp-clean/vendor/laravel/framework/src/Illuminate/Foundation/Http/Kernel.php(200): Illuminate/Routing/Router->dispatch(Object(Illuminate/Http/Request))
#42 C:/Users/amir umar danial/Herd/fyp-dashboard/fyp-clean/vendor/laravel/framework/src/Illuminate/Pipeline/Pipeline.php(180): Illuminate/Foundation/Http/Kernel->{closure:Illuminate/Foundation/Http/Kernel::dispatchToRouter():197}(Object(Illuminate/Http/Request))
#43 C:/Users/amir umar danial/Herd/fyp-dashboard/fyp-clean/vendor/livewire/livewire/src/Features/SupportDisablingBackButtonCache/DisableBackButtonCacheMiddleware.php(19): Illuminate/Pipeline/Pipeline->{closure:Illuminate/Pipeline/Pipeline::prepareDestination():178}(Object(Illuminate/Http/Request))
#44 C:/Users/amir umar danial/Herd/fyp-dashboard/fyp-clean/vendor/laravel/framework/src/Illuminate/Pipeline/Pipeline.php(219): Livewire/Features/SupportDisablingBackButtonCache/DisableBackButtonCacheMiddleware->handle(Object(Illuminate/Http/Request), Object(Closure))
#45 C:/Users/amir umar danial/Herd/fyp-dashboard/fyp-clean/vendor/laravel/framework/src/Illuminate/Foundation/Http/Middleware/TransformsRequest.php(21): Illuminate/Pipeline/Pipeline->{closure:{closure:Illuminate/Pipeline/Pipeline::carry():194}:195}(Object(Illuminate/Http/Request))
#46 C:/Users/amir umar danial/Herd/fyp-dashboard/fyp-clean/vendor/laravel/framework/src/Illuminate/Foundation/Http/Middleware/ConvertEmptyStringsToNull.php(31): Illuminate/Foundation/Http/Middleware/TransformsRequest->handle(Object(Illuminate/Http/Request), Object(Closure))
#47 C:/Users/amir umar danial/Herd/fyp-dashboard/fyp-clean/vendor/laravel/framework/src/Illuminate/Pipeline/Pipeline.php(219): Illuminate/Foundation/Http/Middleware/ConvertEmptyStringsToNull->handle(Object(Illuminate/Http/Request), Object(Closure))
#48 C:/Users/amir umar danial/Herd/fyp-dashboard/fyp-clean/vendor/laravel/framework/src/Illuminate/Foundation/Http/Middleware/TransformsRequest.php(21): Illuminate/Pipeline/Pipeline->{closure:{closure:Illuminate/Pipeline/Pipeline::carry():194}:195}(Object(Illuminate/Http/Request))
#49 C:/Users/amir umar danial/Herd/fyp-dashboard/fyp-clean/vendor/laravel/framework/src/Illuminate/Foundation/Http/Middleware/TrimStrings.php(51): Illuminate/Foundation/Http/Middleware/TransformsRequest->handle(Object(Illuminate/Http/Request), Object(Closure))
#50 C:/Users/amir umar danial/Herd/fyp-dashboard/fyp-clean/vendor/laravel/framework/src/Illuminate/Pipeline/Pipeline.php(219): Illuminate/Foundation/Http/Middleware/TrimStrings->handle(Object(Illuminate/Http/Request), Object(Closure))
#51 C:/Users/amir umar danial/Herd/fyp-dashboard/fyp-clean/vendor/laravel/framework/src/Illuminate/Http/Middleware/ValidatePostSize.php(27): Illuminate/Pipeline/Pipeline->{closure:{closure:Illuminate/Pipeline/Pipeline::carry():194}:195}(Object(Illuminate/Http/Request))
#52 C:/Users/amir umar danial/Herd/fyp-dashboard/fyp-clean/vendor/laravel/framework/src/Illuminate/Pipeline/Pipeline.php(219): Illuminate/Http/Middleware/ValidatePostSize->handle(Object(Illuminate/Http/Request), Object(Closure))
#53 C:/Users/amir umar danial/Herd/fyp-dashboard/fyp-clean/vendor/laravel/framework/src/Illuminate/Foundation/Http/Middleware/PreventRequestsDuringMaintenance.php(109): Illuminate/Pipeline/Pipeline->{closure:{closure:Illuminate/Pipeline/Pipeline::carry():194}:195}(Object(Illuminate/Http/Request))
#54 C:/Users/amir umar danial/Herd/fyp-dashboard/fyp-clean/vendor/laravel/framework/src/Illuminate/Pipeline/Pipeline.php(219): Illuminate/Foundation/Http/Middleware/PreventRequestsDuringMaintenance->handle(Object(Illuminate/Http/Request), Object(Closure))
#55 C:/Users/amir umar danial/Herd/fyp-dashboard/fyp-clean/vendor/laravel/framework/src/Illuminate/Http/Middleware/HandleCors.php(61): Illuminate/Pipeline/Pipeline->{closure:{closure:Illuminate/Pipeline/Pipeline::carry():194}:195}(Object(Illuminate/Http/Request))
#56 C:/Users/amir umar danial/Herd/fyp-dashboard/fyp-clean/vendor/laravel/framework/src/Illuminate/Pipeline/Pipeline.php(219): Illuminate/Http/Middleware/HandleCors->handle(Object(Illuminate/Http/Request), Object(Closure))
#57 C:/Users/amir umar danial/Herd/fyp-dashboard/fyp-clean/vendor/laravel/framework/src/Illuminate/Http/Middleware/TrustProxies.php(58): Illuminate/Pipeline/Pipeline->{closure:{closure:Illuminate/Pipeline/Pipeline::carry():194}:195}(Object(Illuminate/Http/Request))
#58 C:/Users/amir umar danial/Herd/fyp-dashboard/fyp-clean/vendor/laravel/framework/src/Illuminate/Pipeline/Pipeline.php(219): Illuminate/Http/Middleware/TrustProxies->handle(Object(Illuminate/Http/Request), Object(Closure))
#59 C:/Users/amir umar danial/Herd/fyp-dashboard/fyp-clean/vendor/laravel/framework/src/Illuminate/Foundation/Http/Middleware/InvokeDeferredCallbacks.php(22): Illuminate/Pipeline/Pipeline->{closure:{closure:Illuminate/Pipeline/Pipeline::carry():194}:195}(Object(Illuminate/Http/Request))
#60 C:/Users/amir umar danial/Herd/fyp-dashboard/fyp-clean/vendor/laravel/framework/src/Illuminate/Pipeline/Pipeline.php(219): Illuminate/Foundation/Http/Middleware/InvokeDeferredCallbacks->handle(Object(Illuminate/Http/Request), Object(Closure))
#61 C:/Users/amir umar danial/Herd/fyp-dashboard/fyp-clean/vendor/laravel/framework/src/Illuminate/Http/Middleware/ValidatePathEncoding.php(28): Illuminate/Pipeline/Pipeline->{closure:{closure:Illuminate/Pipeline/Pipeline::carry():194}:195}(Object(Illuminate/Http/Request))
#62 C:/Users/amir umar danial/Herd/fyp-dashboard/fyp-clean/vendor/laravel/framework/src/Illuminate/Pipeline/Pipeline.php(219): Illuminate/Http/Middleware/ValidatePathEncoding->handle(Object(Illuminate/Http/Request), Object(Closure))
#63 C:/Users/amir umar danial/Herd/fyp-dashboard/fyp-clean/vendor/laravel/framework/src/Illuminate/Pipeline/Pipeline.php(137): Illuminate/Pipeline/Pipeline->{closure:{closure:Illuminate/Pipeline/Pipeline::carry():194}:195}(Object(Illuminate/Http/Request))
#64 C:/Users/amir umar danial/Herd/fyp-dashboard/fyp-clean/vendor/laravel/framework/src/Illuminate/Foundation/Http/Kernel.php(175): Illuminate/Pipeline/Pipeline->then(Object(Closure))
#65 C:/Users/amir umar danial/Herd/fyp-dashboard/fyp-clean/vendor/laravel/framework/src/Illuminate/Foundation/Http/Kernel.php(144): Illuminate/Foundation/Http/Kernel->sendRequestThroughRouter(Object(Illuminate/Http/Request))
#66 C:/Users/amir umar danial/Herd/fyp-dashboard/fyp-clean/vendor/laravel/framework/src/Illuminate/Foundation/Application.php(1220): Illuminate/Foundation/Http/Kernel->handle(Object(Illuminate/Http/Request))
#67 C:/Users/amir umar danial/Herd/fyp-dashboard/fyp-clean/public/index.php(20): Illuminate/Foundation/Application->handleRequest(Object(Illuminate/Http/Request))
#68 C:/Program Files/Herd/resources/app.asar.unpacked/resources/valet/server.php(139): require('C://Users//amir u...')
#69 {main}

[previous exception] [object] (InvalidArgumentException(code: 0): No hint path defined for [layouts]. at C:/Users/amir umar danial/Herd/fyp-dashboard/fyp-clean/vendor/laravel/framework/src/Illuminate/View/FileViewFinder.php:111)
[stacktrace]
#0 C:/Users/amir umar danial/Herd/fyp-dashboard/fyp-clean/vendor/laravel/framework/src/Illuminate/View/FileViewFinder.php(89): Illuminate/View/FileViewFinder->parseNamespaceSegments('layouts::app')
#1 C:/Users/amir umar danial/Herd/fyp-dashboard/fyp-clean/vendor/laravel/framework/src/Illuminate/View/FileViewFinder.php(75): Illuminate/View/FileViewFinder->findNamespacedView('layouts::app')
#2 C:/Users/amir umar danial/Herd/fyp-dashboard/fyp-clean/vendor/laravel/framework/src/Illuminate/View/Factory.php(150): Illuminate/View/FileViewFinder->find('layouts::app')
#3 C:/Users/amir umar danial/Herd/fyp-dashboard/fyp-clean/vendor/laravel/framework/src/Illuminate/View/Concerns/ManagesComponents.php(103): Illuminate/View/Factory->make('layouts::app', Array)
#4 C:/Users/amir umar danial/Herd/fyp-dashboard/fyp-clean/storage/framework/views/1988e30fa64d657ad7abbfe9aa2419c9.php(17): Illuminate/View/Factory->renderComponent()
#5 C:/Users/amir umar danial/Herd/fyp-dashboard/fyp-clean/vendor/laravel/framework/src/Illuminate/Filesystem/Filesystem.php(123): require('C://Users//amir u...')
#6 C:/Users/amir umar danial/Herd/fyp-dashboard/fyp-clean/vendor/laravel/framework/src/Illuminate/Filesystem/Filesystem.php(124): Illuminate/Filesystem/Filesystem::{closure:Illuminate/Filesystem/Filesystem::getRequire():120}()
#7 C:/Users/amir umar danial/Herd/fyp-dashboard/fyp-clean/vendor/laravel/framework/src/Illuminate/View/Engines/PhpEngine.php(57): Illuminate/Filesystem/Filesystem->getRequire('C://Users//amir u...', Array)
#8 C:/Users/amir umar danial/Herd/fyp-dashboard/fyp-clean/vendor/livewire/livewire/src/Mechanisms/ExtendBlade/ExtendedCompilerEngine.php(22): Illuminate/View/Engines/PhpEngine->evaluatePath('C://Users//amir u...', Array)
#9 C:/Users/amir umar danial/Herd/fyp-dashboard/fyp-clean/vendor/laravel/framework/src/Illuminate/View/Engines/CompilerEngine.php(76): Livewire/Mechanisms/ExtendBlade/ExtendedCompilerEngine->evaluatePath('C://Users//amir u...', Array)
#10 C:/Users/amir umar danial/Herd/fyp-dashboard/fyp-clean/vendor/livewire/livewire/src/Mechanisms/ExtendBlade/ExtendedCompilerEngine.php(10): Illuminate/View/Engines/CompilerEngine->get('C://Users//amir u...', Array)
#11 C:/Users/amir umar danial/Herd/fyp-dashboard/fyp-clean/vendor/laravel/framework/src/Illuminate/View/View.php(208): Livewire/Mechanisms/ExtendBlade/ExtendedCompilerEngine->get('C://Users//amir u...', Array)
#12 C:/Users/amir umar danial/Herd/fyp-dashboard/fyp-clean/vendor/laravel/framework/src/Illuminate/View/View.php(191): Illuminate/View/View->getContents()
#13 C:/Users/amir umar danial/Herd/fyp-dashboard/fyp-clean/vendor/laravel/framework/src/Illuminate/View/View.php(160): Illuminate/View/View->renderContents()
#14 C:/Users/amir umar danial/Herd/fyp-dashboard/fyp-clean/vendor/laravel/framework/src/Illuminate/View/Compilers/BladeCompiler.php(353): Illuminate/View/View->render()
#15 C:/Users/amir umar danial/Herd/fyp-dashboard/fyp-clean/vendor/laravel/framework/src/Illuminate/Support/Facades/Facade.php(363): Illuminate/View/Compilers/BladeCompiler::render('    <?php $layo...', Array)
#16 C:/Users/amir umar danial/Herd/fyp-dashboard/fyp-clean/vendor/livewire/livewire/src/Features/SupportPageComponents/SupportPageComponents.php(154): Illuminate/Support/Facades/Facade::__callStatic('render', Array)
#17 C:/Users/amir umar danial/Herd/fyp-dashboard/fyp-clean/vendor/livewire/livewire/src/Features/SupportPageComponents/HandlesPageComponents.php(26): Livewire/Features/SupportPageComponents/SupportPageComponents::renderContentsIntoLayout('<div wire:snaps...', Object(Livewire/Features/SupportPageComponents/PageComponentConfig))
#18 C:/Users/amir umar danial/Herd/fyp-dashboard/fyp-clean/vendor/laravel/framework/src/Illuminate/Container/BoundMethod.php(36): Livewire/Component->__invoke()
#19 C:/Users/amir umar danial/Herd/fyp-dashboard/fyp-clean/vendor/laravel/framework/src/Illuminate/Container/Util.php(43): Illuminate/Container/BoundMethod::{closure:Illuminate/Container/BoundMethod::call():35}()
#20 C:/Users/amir umar danial/Herd/fyp-dashboard/fyp-clean/vendor/laravel/framework/src/Illuminate/Container/BoundMethod.php(96): Illuminate/Container/Util::unwrapIfClosure(Object(Closure))
#21 C:/Users/amir umar danial/Herd/fyp-dashboard/fyp-clean/vendor/laravel/framework/src/Illuminate/Container/BoundMethod.php(35): Illuminate/Container/BoundMethod::callBoundMethod(Object(Illuminate/Foundation/Application), Array, Object(Closure))
#22 C:/Users/amir umar danial/Herd/fyp-dashboard/fyp-clean/vendor/laravel/framework/src/Illuminate/Container/Container.php(799): Illuminate/Container/BoundMethod::call(Object(Illuminate/Foundation/Application), Array, Array, NULL)
#23 C:/Users/amir umar danial/Herd/fyp-dashboard/fyp-clean/vendor/livewire/volt/src/VoltManager.php(37): Illuminate/Container/Container->call(Array)
#24 C:/Users/amir umar danial/Herd/fyp-dashboard/fyp-clean/vendor/laravel/framework/src/Illuminate/Routing/CallableDispatcher.php(39): Livewire/Volt/VoltManager->{closure:Livewire/Volt/VoltManager::route():34}()
#25 C:/Users/amir umar danial/Herd/fyp-dashboard/fyp-clean/vendor/laravel/framework/src/Illuminate/Routing/Route.php(247): Illuminate/Routing/CallableDispatcher->dispatch(Object(Illuminate/Routing/Route), Object(Closure))
#26 C:/Users/amir umar danial/Herd/fyp-dashboard/fyp-clean/vendor/laravel/framework/src/Illuminate/Routing/Route.php(218): Illuminate/Routing/Route->runCallable()
#27 C:/Users/amir umar danial/Herd/fyp-dashboard/fyp-clean/vendor/laravel/framework/src/Illuminate/Routing/Router.php(822): Illuminate/Routing/Route->run()
#28 C:/Users/amir umar danial/Herd/fyp-dashboard/fyp-clean/vendor/laravel/framework/src/Illuminate/Pipeline/Pipeline.php(180): Illuminate/Routing/Router->{closure:Illuminate/Routing/Router::runRouteWithinStack():821}(Object(Illuminate/Http/Request))
#29 C:/Users/amir umar danial/Herd/fyp-dashboard/fyp-clean/vendor/laravel/framework/src/Illuminate/Routing/Middleware/SubstituteBindings.php(52): Illuminate/Pipeline/Pipeline->{closure:Illuminate/Pipeline/Pipeline::prepareDestination():178}(Object(Illuminate/Http/Request))
#30 C:/Users/amir umar danial/Herd/fyp-dashboard/fyp-clean/vendor/laravel/framework/src/Illuminate/Pipeline/Pipeline.php(219): Illuminate/Routing/Middleware/SubstituteBindings->handle(Object(Illuminate/Http/Request), Object(Closure))
#31 C:/Users/amir umar danial/Herd/fyp-dashboard/fyp-clean/vendor/laravel/framework/src/Illuminate/Foundation/Http/Middleware/PreventRequestForgery.php(104): Illuminate/Pipeline/Pipeline->{closure:{closure:Illuminate/Pipeline/Pipeline::carry():194}:195}(Object(Illuminate/Http/Request))
#32 C:/Users/amir umar danial/Herd/fyp-dashboard/fyp-clean/vendor/laravel/framework/src/Illuminate/Pipeline/Pipeline.php(219): Illuminate/Foundation/Http/Middleware/PreventRequestForgery->handle(Object(Illuminate/Http/Request), Object(Closure))
#33 C:/Users/amir umar danial/Herd/fyp-dashboard/fyp-clean/vendor/laravel/framework/src/Illuminate/View/Middleware/ShareErrorsFromSession.php(48): Illuminate/Pipeline/Pipeline->{closure:{closure:Illuminate/Pipeline/Pipeline::carry():194}:195}(Object(Illuminate/Http/Request))
#34 C:/Users/amir umar danial/Herd/fyp-dashboard/fyp-clean/vendor/laravel/framework/src/Illuminate/Pipeline/Pipeline.php(219): Illuminate/View/Middleware/ShareErrorsFromSession->handle(Object(Illuminate/Http/Request), Object(Closure))
#35 C:/Users/amir umar danial/Herd/fyp-dashboard/fyp-clean/vendor/laravel/framework/src/Illuminate/Session/Middleware/StartSession.php(120): Illuminate/Pipeline/Pipeline->{closure:{closure:Illuminate/Pipeline/Pipeline::carry():194}:195}(Object(Illuminate/Http/Request))
#36 C:/Users/amir umar danial/Herd/fyp-dashboard/fyp-clean/vendor/laravel/framework/src/Illuminate/Session/Middleware/StartSession.php(63): Illuminate/Session/Middleware/StartSession->handleStatefulRequest(Object(Illuminate/Http/Request), Object(Illuminate/Session/Store), Object(Closure))
#37 C:/Users/amir umar danial/Herd/fyp-dashboard/fyp-clean/vendor/laravel/framework/src/Illuminate/Pipeline/Pipeline.php(219): Illuminate/Session/Middleware/StartSession->handle(Object(Illuminate/Http/Request), Object(Closure))
#38 C:/Users/amir umar danial/Herd/fyp-dashboard/fyp-clean/vendor/laravel/framework/src/Illuminate/Cookie/Middleware/AddQueuedCookiesToResponse.php(36): Illuminate/Pipeline/Pipeline->{closure:{closure:Illuminate/Pipeline/Pipeline::carry():194}:195}(Object(Illuminate/Http/Request))
#39 C:/Users/amir umar danial/Herd/fyp-dashboard/fyp-clean/vendor/laravel/framework/src/Illuminate/Pipeline/Pipeline.php(219): Illuminate/Cookie/Middleware/AddQueuedCookiesToResponse->handle(Object(Illuminate/Http/Request), Object(Closure))
#40 C:/Users/amir umar danial/Herd/fyp-dashboard/fyp-clean/vendor/laravel/framework/src/Illuminate/Cookie/Middleware/EncryptCookies.php(74): Illuminate/Pipeline/Pipeline->{closure:{closure:Illuminate/Pipeline/Pipeline::carry():194}:195}(Object(Illuminate/Http/Request))
#41 C:/Users/amir umar danial/Herd/fyp-dashboard/fyp-clean/vendor/laravel/framework/src/Illuminate/Pipeline/Pipeline.php(219): Illuminate/Cookie/Middleware/EncryptCookies->handle(Object(Illuminate/Http/Request), Object(Closure))
#42 C:/Users/amir umar danial/Herd/fyp-dashboard/fyp-clean/vendor/laravel/framework/src/Illuminate/Pipeline/Pipeline.php(137): Illuminate/Pipeline/Pipeline->{closure:{closure:Illuminate/Pipeline/Pipeline::carry():194}:195}(Object(Illuminate/Http/Request))
#43 C:/Users/amir umar danial/Herd/fyp-dashboard/fyp-clean/vendor/laravel/framework/src/Illuminate/Routing/Router.php(821): Illuminate/Pipeline/Pipeline->then(Object(Closure))
#44 C:/Users/amir umar danial/Herd/fyp-dashboard/fyp-clean/vendor/laravel/framework/src/Illuminate/Routing/Router.php(800): Illuminate/Routing/Router->runRouteWithinStack(Object(Illuminate/Routing/Route), Object(Illuminate/Http/Request))
#45 C:/Users/amir umar danial/Herd/fyp-dashboard/fyp-clean/vendor/laravel/framework/src/Illuminate/Routing/Router.php(764): Illuminate/Routing/Router->runRoute(Object(Illuminate/Http/Request), Object(Illuminate/Routing/Route))
#46 C:/Users/amir umar danial/Herd/fyp-dashboard/fyp-clean/vendor/laravel/framework/src/Illuminate/Routing/Router.php(753): Illuminate/Routing/Router->dispatchToRoute(Object(Illuminate/Http/Request))
#47 C:/Users/amir umar danial/Herd/fyp-dashboard/fyp-clean/vendor/laravel/framework/src/Illuminate/Foundation/Http/Kernel.php(200): Illuminate/Routing/Router->dispatch(Object(Illuminate/Http/Request))
#48 C:/Users/amir umar danial/Herd/fyp-dashboard/fyp-clean/vendor/laravel/framework/src/Illuminate/Pipeline/Pipeline.php(180): Illuminate/Foundation/Http/Kernel->{closure:Illuminate/Foundation/Http/Kernel::dispatchToRouter():197}(Object(Illuminate/Http/Request))
#49 C:/Users/amir umar danial/Herd/fyp-dashboard/fyp-clean/vendor/livewire/livewire/src/Features/SupportDisablingBackButtonCache/DisableBackButtonCacheMiddleware.php(19): Illuminate/Pipeline/Pipeline->{closure:Illuminate/Pipeline/Pipeline::prepareDestination():178}(Object(Illuminate/Http/Request))
#50 C:/Users/amir umar danial/Herd/fyp-dashboard/fyp-clean/vendor/laravel/framework/src/Illuminate/Pipeline/Pipeline.php(219): Livewire/Features/SupportDisablingBackButtonCache/DisableBackButtonCacheMiddleware->handle(Object(Illuminate/Http/Request), Object(Closure))
#51 C:/Users/amir umar danial/Herd/fyp-dashboard/fyp-clean/vendor/laravel/framework/src/Illuminate/Foundation/Http/Middleware/TransformsRequest.php(21): Illuminate/Pipeline/Pipeline->{closure:{closure:Illuminate/Pipeline/Pipeline::carry():194}:195}(Object(Illuminate/Http/Request))
#52 C:/Users/amir umar danial/Herd/fyp-dashboard/fyp-clean/vendor/laravel/framework/src/Illuminate/Foundation/Http/Middleware/ConvertEmptyStringsToNull.php(31): Illuminate/Foundation/Http/Middleware/TransformsRequest->handle(Object(Illuminate/Http/Request), Object(Closure))
#53 C:/Users/amir umar danial/Herd/fyp-dashboard/fyp-clean/vendor/laravel/framework/src/Illuminate/Pipeline/Pipeline.php(219): Illuminate/Foundation/Http/Middleware/ConvertEmptyStringsToNull->handle(Object(Illuminate/Http/Request), Object(Closure))
#54 C:/Users/amir umar danial/Herd/fyp-dashboard/fyp-clean/vendor/laravel/framework/src/Illuminate/Foundation/Http/Middleware/TransformsRequest.php(21): Illuminate/Pipeline/Pipeline->{closure:{closure:Illuminate/Pipeline/Pipeline::carry():194}:195}(Object(Illuminate/Http/Request))
#55 C:/Users/amir umar danial/Herd/fyp-dashboard/fyp-clean/vendor/laravel/framework/src/Illuminate/Foundation/Http/Middleware/TrimStrings.php(51): Illuminate/Foundation/Http/Middleware/TransformsRequest->handle(Object(Illuminate/Http/Request), Object(Closure))
#56 C:/Users/amir umar danial/Herd/fyp-dashboard/fyp-clean/vendor/laravel/framework/src/Illuminate/Pipeline/Pipeline.php(219): Illuminate/Foundation/Http/Middleware/TrimStrings->handle(Object(Illuminate/Http/Request), Object(Closure))
#57 C:/Users/amir umar danial/Herd/fyp-dashboard/fyp-clean/vendor/laravel/framework/src/Illuminate/Http/Middleware/ValidatePostSize.php(27): Illuminate/Pipeline/Pipeline->{closure:{closure:Illuminate/Pipeline/Pipeline::carry():194}:195}(Object(Illuminate/Http/Request))
#58 C:/Users/amir umar danial/Herd/fyp-dashboard/fyp-clean/vendor/laravel/framework/src/Illuminate/Pipeline/Pipeline.php(219): Illuminate/Http/Middleware/ValidatePostSize->handle(Object(Illuminate/Http/Request), Object(Closure))
#59 C:/Users/amir umar danial/Herd/fyp-dashboard/fyp-clean/vendor/laravel/framework/src/Illuminate/Foundation/Http/Middleware/PreventRequestsDuringMaintenance.php(109): Illuminate/Pipeline/Pipeline->{closure:{closure:Illuminate/Pipeline/Pipeline::carry():194}:195}(Object(Illuminate/Http/Request))
#60 C:/Users/amir umar danial/Herd/fyp-dashboard/fyp-clean/vendor/laravel/framework/src/Illuminate/Pipeline/Pipeline.php(219): Illuminate/Foundation/Http/Middleware/PreventRequestsDuringMaintenance->handle(Object(Illuminate/Http/Request), Object(Closure))
#61 C:/Users/amir umar danial/Herd/fyp-dashboard/fyp-clean/vendor/laravel/framework/src/Illuminate/Http/Middleware/HandleCors.php(61): Illuminate/Pipeline/Pipeline->{closure:{closure:Illuminate/Pipeline/Pipeline::carry():194}:195}(Object(Illuminate/Http/Request))
#62 C:/Users/amir umar danial/Herd/fyp-dashboard/fyp-clean/vendor/laravel/framework/src/Illuminate/Pipeline/Pipeline.php(219): Illuminate/Http/Middleware/HandleCors->handle(Object(Illuminate/Http/Request), Object(Closure))
#63 C:/Users/amir umar danial/Herd/fyp-dashboard/fyp-clean/vendor/laravel/framework/src/Illuminate/Http/Middleware/TrustProxies.php(58): Illuminate/Pipeline/Pipeline->{closure:{closure:Illuminate/Pipeline/Pipeline::carry():194}:195}(Object(Illuminate/Http/Request))
#64 C:/Users/amir umar danial/Herd/fyp-dashboard/fyp-clean/vendor/laravel/framework/src/Illuminate/Pipeline/Pipeline.php(219): Illuminate/Http/Middleware/TrustProxies->handle(Object(Illuminate/Http/Request), Object(Closure))
#65 C:/Users/amir umar danial/Herd/fyp-dashboard/fyp-clean/vendor/laravel/framework/src/Illuminate/Foundation/Http/Middleware/InvokeDeferredCallbacks.php(22): Illuminate/Pipeline/Pipeline->{closure:{closure:Illuminate/Pipeline/Pipeline::carry():194}:195}(Object(Illuminate/Http/Request))
#66 C:/Users/amir umar danial/Herd/fyp-dashboard/fyp-clean/vendor/laravel/framework/src/Illuminate/Pipeline/Pipeline.php(219): Illuminate/Foundation/Http/Middleware/InvokeDeferredCallbacks->handle(Object(Illuminate/Http/Request), Object(Closure))
#67 C:/Users/amir umar danial/Herd/fyp-dashboard/fyp-clean/vendor/laravel/framework/src/Illuminate/Http/Middleware/ValidatePathEncoding.php(28): Illuminate/Pipeline/Pipeline->{closure:{closure:Illuminate/Pipeline/Pipeline::carry():194}:195}(Object(Illuminate/Http/Request))
#68 C:/Users/amir umar danial/Herd/fyp-dashboard/fyp-clean/vendor/laravel/framework/src/Illuminate/Pipeline/Pipeline.php(219): Illuminate/Http/Middleware/ValidatePathEncoding->handle(Object(Illuminate/Http/Request), Object(Closure))
#69 C:/Users/amir umar danial/Herd/fyp-dashboard/fyp-clean/vendor/laravel/framework/src/Illuminate/Pipeline/Pipeline.php(137): Illuminate/Pipeline/Pipeline->{closure:{closure:Illuminate/Pipeline/Pipeline::carry():194}:195}(Object(Illuminate/Http/Request))
#70 C:/Users/amir umar danial/Herd/fyp-dashboard/fyp-clean/vendor/laravel/framework/src/Illuminate/Foundation/Http/Kernel.php(175): Illuminate/Pipeline/Pipeline->then(Object(Closure))
#71 C:/Users/amir umar danial/Herd/fyp-dashboard/fyp-clean/vendor/laravel/framework/src/Illuminate/Foundation/Http/Kernel.php(144): Illuminate/Foundation/Http/Kernel->sendRequestThroughRouter(Object(Illuminate/Http/Request))
#72 C:/Users/amir umar danial/Herd/fyp-dashboard/fyp-clean/vendor/laravel/framework/src/Illuminate/Foundation/Application.php(1220): Illuminate/Foundation/Http/Kernel->handle(Object(Illuminate/Http/Request))
#73 C:/Users/amir umar danial/Herd/fyp-dashboard/fyp-clean/public/index.php(20): Illuminate/Foundation/Application->handleRequest(Object(Illuminate/Http/Request))
#74 C:/Program Files/Herd/resources/app.asar.unpacked/resources/valet/server.php(139): require('C://Users//amir u...')
#75 {main}
"} 
[2026-03-25 07:38:29] local.ERROR: No hint path defined for [layouts]. (View: C:\Users\amir umar danial\Herd\fyp-dashboard\fyp-clean\storage\framework\views\4943bc92ebba41e8b0e508149542e0ad.blade.php) {"exception":"[object] (Illuminate\\View\\ViewException(code: 0): No hint path defined for [layouts]. (View: C:\\Users\\amir umar danial\\Herd\\fyp-dashboard\\fyp-clean\\storage\\framework\\views\\4943bc92ebba41e8b0e508149542e0ad.blade.php) at C:/Users/amir umar danial/Herd/fyp-dashboard/fyp-clean/vendor/laravel/framework/src/Illuminate/View/FileViewFinder.php:111)
[stacktrace]
#0 C:/Users/amir umar danial/Herd/fyp-dashboard/fyp-clean/vendor/livewire/livewire/src/Mechanisms/ExtendBlade/ExtendedCompilerEngine.php(58): Illuminate/View/Engines/CompilerEngine->handleViewException(Object(InvalidArgumentException), 1)
#1 C:/Users/amir umar danial/Herd/fyp-dashboard/fyp-clean/vendor/laravel/framework/src/Illuminate/View/Engines/PhpEngine.php(59): Livewire/Mechanisms/ExtendBlade/ExtendedCompilerEngine->handleViewException(Object(InvalidArgumentException), 1)
#2 C:/Users/amir umar danial/Herd/fyp-dashboard/fyp-clean/vendor/livewire/livewire/src/Mechanisms/ExtendBlade/ExtendedCompilerEngine.php(22): Illuminate/View/Engines/PhpEngine->evaluatePath('C://Users//amir u...', Array)
#3 C:/Users/amir umar danial/Herd/fyp-dashboard/fyp-clean/vendor/laravel/framework/src/Illuminate/View/Engines/CompilerEngine.php(76): Livewire/Mechanisms/ExtendBlade/ExtendedCompilerEngine->evaluatePath('C://Users//amir u...', Array)
#4 C:/Users/amir umar danial/Herd/fyp-dashboard/fyp-clean/vendor/livewire/livewire/src/Mechanisms/ExtendBlade/ExtendedCompilerEngine.php(10): Illuminate/View/Engines/CompilerEngine->get('C://Users//amir u...', Array)
#5 C:/Users/amir umar danial/Herd/fyp-dashboard/fyp-clean/vendor/laravel/framework/src/Illuminate/View/View.php(208): Livewire/Mechanisms/ExtendBlade/ExtendedCompilerEngine->get('C://Users//amir u...', Array)
#6 C:/Users/amir umar danial/Herd/fyp-dashboard/fyp-clean/vendor/laravel/framework/src/Illuminate/View/View.php(191): Illuminate/View/View->getContents()
#7 C:/Users/amir umar danial/Herd/fyp-dashboard/fyp-clean/vendor/laravel/framework/src/Illuminate/View/View.php(160): Illuminate/View/View->renderContents()
#8 C:/Users/amir umar danial/Herd/fyp-dashboard/fyp-clean/vendor/laravel/framework/src/Illuminate/View/Compilers/BladeCompiler.php(353): Illuminate/View/View->render()
#9 C:/Users/amir umar danial/Herd/fyp-dashboard/fyp-clean/vendor/laravel/framework/src/Illuminate/Support/Facades/Facade.php(363): Illuminate/View/Compilers/BladeCompiler::render('    <?php $layo...', Array)
#10 C:/Users/amir umar danial/Herd/fyp-dashboard/fyp-clean/vendor/livewire/livewire/src/Features/SupportPageComponents/SupportPageComponents.php(154): Illuminate/Support/Facades/Facade::__callStatic('render', Array)
#11 C:/Users/amir umar danial/Herd/fyp-dashboard/fyp-clean/vendor/livewire/livewire/src/Features/SupportPageComponents/HandlesPageComponents.php(26): Livewire/Features/SupportPageComponents/SupportPageComponents::renderContentsIntoLayout('<div wire:snaps...', Object(Livewire/Features/SupportPageComponents/PageComponentConfig))
#12 C:/Users/amir umar danial/Herd/fyp-dashboard/fyp-clean/vendor/laravel/framework/src/Illuminate/Container/BoundMethod.php(36): Livewire/Component->__invoke()
#13 C:/Users/amir umar danial/Herd/fyp-dashboard/fyp-clean/vendor/laravel/framework/src/Illuminate/Container/Util.php(43): Illuminate/Container/BoundMethod::{closure:Illuminate/Container/BoundMethod::call():35}()
#14 C:/Users/amir umar danial/Herd/fyp-dashboard/fyp-clean/vendor/laravel/framework/src/Illuminate/Container/BoundMethod.php(96): Illuminate/Container/Util::unwrapIfClosure(Object(Closure))
#15 C:/Users/amir umar danial/Herd/fyp-dashboard/fyp-clean/vendor/laravel/framework/src/Illuminate/Container/BoundMethod.php(35): Illuminate/Container/BoundMethod::callBoundMethod(Object(Illuminate/Foundation/Application), Array, Object(Closure))
#16 C:/Users/amir umar danial/Herd/fyp-dashboard/fyp-clean/vendor/laravel/framework/src/Illuminate/Container/Container.php(799): Illuminate/Container/BoundMethod::call(Object(Illuminate/Foundation/Application), Array, Array, NULL)
#17 C:/Users/amir umar danial/Herd/fyp-dashboard/fyp-clean/vendor/livewire/volt/src/VoltManager.php(37): Illuminate/Container/Container->call(Array)
#18 C:/Users/amir umar danial/Herd/fyp-dashboard/fyp-clean/vendor/laravel/framework/src/Illuminate/Routing/CallableDispatcher.php(39): Livewire/Volt/VoltManager->{closure:Livewire/Volt/VoltManager::route():34}()
#19 C:/Users/amir umar danial/Herd/fyp-dashboard/fyp-clean/vendor/laravel/framework/src/Illuminate/Routing/Route.php(247): Illuminate/Routing/CallableDispatcher->dispatch(Object(Illuminate/Routing/Route), Object(Closure))
#20 C:/Users/amir umar danial/Herd/fyp-dashboard/fyp-clean/vendor/laravel/framework/src/Illuminate/Routing/Route.php(218): Illuminate/Routing/Route->runCallable()
#21 C:/Users/amir umar danial/Herd/fyp-dashboard/fyp-clean/vendor/laravel/framework/src/Illuminate/Routing/Router.php(822): Illuminate/Routing/Route->run()
#22 C:/Users/amir umar danial/Herd/fyp-dashboard/fyp-clean/vendor/laravel/framework/src/Illuminate/Pipeline/Pipeline.php(180): Illuminate/Routing/Router->{closure:Illuminate/Routing/Router::runRouteWithinStack():821}(Object(Illuminate/Http/Request))
#23 C:/Users/amir umar danial/Herd/fyp-dashboard/fyp-clean/vendor/laravel/framework/src/Illuminate/Routing/Middleware/SubstituteBindings.php(52): Illuminate/Pipeline/Pipeline->{closure:Illuminate/Pipeline/Pipeline::prepareDestination():178}(Object(Illuminate/Http/Request))
#24 C:/Users/amir umar danial/Herd/fyp-dashboard/fyp-clean/vendor/laravel/framework/src/Illuminate/Pipeline/Pipeline.php(219): Illuminate/Routing/Middleware/SubstituteBindings->handle(Object(Illuminate/Http/Request), Object(Closure))
#25 C:/Users/amir umar danial/Herd/fyp-dashboard/fyp-clean/vendor/laravel/framework/src/Illuminate/Foundation/Http/Middleware/PreventRequestForgery.php(104): Illuminate/Pipeline/Pipeline->{closure:{closure:Illuminate/Pipeline/Pipeline::carry():194}:195}(Object(Illuminate/Http/Request))
#26 C:/Users/amir umar danial/Herd/fyp-dashboard/fyp-clean/vendor/laravel/framework/src/Illuminate/Pipeline/Pipeline.php(219): Illuminate/Foundation/Http/Middleware/PreventRequestForgery->handle(Object(Illuminate/Http/Request), Object(Closure))
#27 C:/Users/amir umar danial/Herd/fyp-dashboard/fyp-clean/vendor/laravel/framework/src/Illuminate/View/Middleware/ShareErrorsFromSession.php(48): Illuminate/Pipeline/Pipeline->{closure:{closure:Illuminate/Pipeline/Pipeline::carry():194}:195}(Object(Illuminate/Http/Request))
#28 C:/Users/amir umar danial/Herd/fyp-dashboard/fyp-clean/vendor/laravel/framework/src/Illuminate/Pipeline/Pipeline.php(219): Illuminate/View/Middleware/ShareErrorsFromSession->handle(Object(Illuminate/Http/Request), Object(Closure))
#29 C:/Users/amir umar danial/Herd/fyp-dashboard/fyp-clean/vendor/laravel/framework/src/Illuminate/Session/Middleware/StartSession.php(120): Illuminate/Pipeline/Pipeline->{closure:{closure:Illuminate/Pipeline/Pipeline::carry():194}:195}(Object(Illuminate/Http/Request))
#30 C:/Users/amir umar danial/Herd/fyp-dashboard/fyp-clean/vendor/laravel/framework/src/Illuminate/Session/Middleware/StartSession.php(63): Illuminate/Session/Middleware/StartSession->handleStatefulRequest(Object(Illuminate/Http/Request), Object(Illuminate/Session/Store), Object(Closure))
#31 C:/Users/amir umar danial/Herd/fyp-dashboard/fyp-clean/vendor/laravel/framework/src/Illuminate/Pipeline/Pipeline.php(219): Illuminate/Session/Middleware/StartSession->handle(Object(Illuminate/Http/Request), Object(Closure))
#32 C:/Users/amir umar danial/Herd/fyp-dashboard/fyp-clean/vendor/laravel/framework/src/Illuminate/Cookie/Middleware/AddQueuedCookiesToResponse.php(36): Illuminate/Pipeline/Pipeline->{closure:{closure:Illuminate/Pipeline/Pipeline::carry():194}:195}(Object(Illuminate/Http/Request))
#33 C:/Users/amir umar danial/Herd/fyp-dashboard/fyp-clean/vendor/laravel/framework/src/Illuminate/Pipeline/Pipeline.php(219): Illuminate/Cookie/Middleware/AddQueuedCookiesToResponse->handle(Object(Illuminate/Http/Request), Object(Closure))
#34 C:/Users/amir umar danial/Herd/fyp-dashboard/fyp-clean/vendor/laravel/framework/src/Illuminate/Cookie/Middleware/EncryptCookies.php(74): Illuminate/Pipeline/Pipeline->{closure:{closure:Illuminate/Pipeline/Pipeline::carry():194}:195}(Object(Illuminate/Http/Request))
#35 C:/Users/amir umar danial/Herd/fyp-dashboard/fyp-clean/vendor/laravel/framework/src/Illuminate/Pipeline/Pipeline.php(219): Illuminate/Cookie/Middleware/EncryptCookies->handle(Object(Illuminate/Http/Request), Object(Closure))
#36 C:/Users/amir umar danial/Herd/fyp-dashboard/fyp-clean/vendor/laravel/framework/src/Illuminate/Pipeline/Pipeline.php(137): Illuminate/Pipeline/Pipeline->{closure:{closure:Illuminate/Pipeline/Pipeline::carry():194}:195}(Object(Illuminate/Http/Request))
#37 C:/Users/amir umar danial/Herd/fyp-dashboard/fyp-clean/vendor/laravel/framework/src/Illuminate/Routing/Router.php(821): Illuminate/Pipeline/Pipeline->then(Object(Closure))
#38 C:/Users/amir umar danial/Herd/fyp-dashboard/fyp-clean/vendor/laravel/framework/src/Illuminate/Routing/Router.php(800): Illuminate/Routing/Router->runRouteWithinStack(Object(Illuminate/Routing/Route), Object(Illuminate/Http/Request))
#39 C:/Users/amir umar danial/Herd/fyp-dashboard/fyp-clean/vendor/laravel/framework/src/Illuminate/Routing/Router.php(764): Illuminate/Routing/Router->runRoute(Object(Illuminate/Http/Request), Object(Illuminate/Routing/Route))
#40 C:/Users/amir umar danial/Herd/fyp-dashboard/fyp-clean/vendor/laravel/framework/src/Illuminate/Routing/Router.php(753): Illuminate/Routing/Router->dispatchToRoute(Object(Illuminate/Http/Request))
#41 C:/Users/amir umar danial/Herd/fyp-dashboard/fyp-clean/vendor/laravel/framework/src/Illuminate/Foundation/Http/Kernel.php(200): Illuminate/Routing/Router->dispatch(Object(Illuminate/Http/Request))
#42 C:/Users/amir umar danial/Herd/fyp-dashboard/fyp-clean/vendor/laravel/framework/src/Illuminate/Pipeline/Pipeline.php(180): Illuminate/Foundation/Http/Kernel->{closure:Illuminate/Foundation/Http/Kernel::dispatchToRouter():197}(Object(Illuminate/Http/Request))
#43 C:/Users/amir umar danial/Herd/fyp-dashboard/fyp-clean/vendor/livewire/livewire/src/Features/SupportDisablingBackButtonCache/DisableBackButtonCacheMiddleware.php(19): Illuminate/Pipeline/Pipeline->{closure:Illuminate/Pipeline/Pipeline::prepareDestination():178}(Object(Illuminate/Http/Request))
#44 C:/Users/amir umar danial/Herd/fyp-dashboard/fyp-clean/vendor/laravel/framework/src/Illuminate/Pipeline/Pipeline.php(219): Livewire/Features/SupportDisablingBackButtonCache/DisableBackButtonCacheMiddleware->handle(Object(Illuminate/Http/Request), Object(Closure))
#45 C:/Users/amir umar danial/Herd/fyp-dashboard/fyp-clean/vendor/laravel/framework/src/Illuminate/Foundation/Http/Middleware/TransformsRequest.php(21): Illuminate/Pipeline/Pipeline->{closure:{closure:Illuminate/Pipeline/Pipeline::carry():194}:195}(Object(Illuminate/Http/Request))
#46 C:/Users/amir umar danial/Herd/fyp-dashboard/fyp-clean/vendor/laravel/framework/src/Illuminate/Foundation/Http/Middleware/ConvertEmptyStringsToNull.php(31): Illuminate/Foundation/Http/Middleware/TransformsRequest->handle(Object(Illuminate/Http/Request), Object(Closure))
#47 C:/Users/amir umar danial/Herd/fyp-dashboard/fyp-clean/vendor/laravel/framework/src/Illuminate/Pipeline/Pipeline.php(219): Illuminate/Foundation/Http/Middleware/ConvertEmptyStringsToNull->handle(Object(Illuminate/Http/Request), Object(Closure))
#48 C:/Users/amir umar danial/Herd/fyp-dashboard/fyp-clean/vendor/laravel/framework/src/Illuminate/Foundation/Http/Middleware/TransformsRequest.php(21): Illuminate/Pipeline/Pipeline->{closure:{closure:Illuminate/Pipeline/Pipeline::carry():194}:195}(Object(Illuminate/Http/Request))
#49 C:/Users/amir umar danial/Herd/fyp-dashboard/fyp-clean/vendor/laravel/framework/src/Illuminate/Foundation/Http/Middleware/TrimStrings.php(51): Illuminate/Foundation/Http/Middleware/TransformsRequest->handle(Object(Illuminate/Http/Request), Object(Closure))
#50 C:/Users/amir umar danial/Herd/fyp-dashboard/fyp-clean/vendor/laravel/framework/src/Illuminate/Pipeline/Pipeline.php(219): Illuminate/Foundation/Http/Middleware/TrimStrings->handle(Object(Illuminate/Http/Request), Object(Closure))
#51 C:/Users/amir umar danial/Herd/fyp-dashboard/fyp-clean/vendor/laravel/framework/src/Illuminate/Http/Middleware/ValidatePostSize.php(27): Illuminate/Pipeline/Pipeline->{closure:{closure:Illuminate/Pipeline/Pipeline::carry():194}:195}(Object(Illuminate/Http/Request))
#52 C:/Users/amir umar danial/Herd/fyp-dashboard/fyp-clean/vendor/laravel/framework/src/Illuminate/Pipeline/Pipeline.php(219): Illuminate/Http/Middleware/ValidatePostSize->handle(Object(Illuminate/Http/Request), Object(Closure))
#53 C:/Users/amir umar danial/Herd/fyp-dashboard/fyp-clean/vendor/laravel/framework/src/Illuminate/Foundation/Http/Middleware/PreventRequestsDuringMaintenance.php(109): Illuminate/Pipeline/Pipeline->{closure:{closure:Illuminate/Pipeline/Pipeline::carry():194}:195}(Object(Illuminate/Http/Request))
#54 C:/Users/amir umar danial/Herd/fyp-dashboard/fyp-clean/vendor/laravel/framework/src/Illuminate/Pipeline/Pipeline.php(219): Illuminate/Foundation/Http/Middleware/PreventRequestsDuringMaintenance->handle(Object(Illuminate/Http/Request), Object(Closure))
#55 C:/Users/amir umar danial/Herd/fyp-dashboard/fyp-clean/vendor/laravel/framework/src/Illuminate/Http/Middleware/HandleCors.php(61): Illuminate/Pipeline/Pipeline->{closure:{closure:Illuminate/Pipeline/Pipeline::carry():194}:195}(Object(Illuminate/Http/Request))
#56 C:/Users/amir umar danial/Herd/fyp-dashboard/fyp-clean/vendor/laravel/framework/src/Illuminate/Pipeline/Pipeline.php(219): Illuminate/Http/Middleware/HandleCors->handle(Object(Illuminate/Http/Request), Object(Closure))
#57 C:/Users/amir umar danial/Herd/fyp-dashboard/fyp-clean/vendor/laravel/framework/src/Illuminate/Http/Middleware/TrustProxies.php(58): Illuminate/Pipeline/Pipeline->{closure:{closure:Illuminate/Pipeline/Pipeline::carry():194}:195}(Object(Illuminate/Http/Request))
#58 C:/Users/amir umar danial/Herd/fyp-dashboard/fyp-clean/vendor/laravel/framework/src/Illuminate/Pipeline/Pipeline.php(219): Illuminate/Http/Middleware/TrustProxies->handle(Object(Illuminate/Http/Request), Object(Closure))
#59 C:/Users/amir umar danial/Herd/fyp-dashboard/fyp-clean/vendor/laravel/framework/src/Illuminate/Foundation/Http/Middleware/InvokeDeferredCallbacks.php(22): Illuminate/Pipeline/Pipeline->{closure:{closure:Illuminate/Pipeline/Pipeline::carry():194}:195}(Object(Illuminate/Http/Request))
#60 C:/Users/amir umar danial/Herd/fyp-dashboard/fyp-clean/vendor/laravel/framework/src/Illuminate/Pipeline/Pipeline.php(219): Illuminate/Foundation/Http/Middleware/InvokeDeferredCallbacks->handle(Object(Illuminate/Http/Request), Object(Closure))
#61 C:/Users/amir umar danial/Herd/fyp-dashboard/fyp-clean/vendor/laravel/framework/src/Illuminate/Http/Middleware/ValidatePathEncoding.php(28): Illuminate/Pipeline/Pipeline->{closure:{closure:Illuminate/Pipeline/Pipeline::carry():194}:195}(Object(Illuminate/Http/Request))
#62 C:/Users/amir umar danial/Herd/fyp-dashboard/fyp-clean/vendor/laravel/framework/src/Illuminate/Pipeline/Pipeline.php(219): Illuminate/Http/Middleware/ValidatePathEncoding->handle(Object(Illuminate/Http/Request), Object(Closure))
#63 C:/Users/amir umar danial/Herd/fyp-dashboard/fyp-clean/vendor/laravel/framework/src/Illuminate/Pipeline/Pipeline.php(137): Illuminate/Pipeline/Pipeline->{closure:{closure:Illuminate/Pipeline/Pipeline::carry():194}:195}(Object(Illuminate/Http/Request))
#64 C:/Users/amir umar danial/Herd/fyp-dashboard/fyp-clean/vendor/laravel/framework/src/Illuminate/Foundation/Http/Kernel.php(175): Illuminate/Pipeline/Pipeline->then(Object(Closure))
#65 C:/Users/amir umar danial/Herd/fyp-dashboard/fyp-clean/vendor/laravel/framework/src/Illuminate/Foundation/Http/Kernel.php(144): Illuminate/Foundation/Http/Kernel->sendRequestThroughRouter(Object(Illuminate/Http/Request))
#66 C:/Users/amir umar danial/Herd/fyp-dashboard/fyp-clean/vendor/laravel/framework/src/Illuminate/Foundation/Application.php(1220): Illuminate/Foundation/Http/Kernel->handle(Object(Illuminate/Http/Request))
#67 C:/Users/amir umar danial/Herd/fyp-dashboard/fyp-clean/public/index.php(20): Illuminate/Foundation/Application->handleRequest(Object(Illuminate/Http/Request))
#68 C:/Program Files/Herd/resources/app.asar.unpacked/resources/valet/server.php(139): require('C://Users//amir u...')
#69 {main}

[previous exception] [object] (InvalidArgumentException(code: 0): No hint path defined for [layouts]. at C:/Users/amir umar danial/Herd/fyp-dashboard/fyp-clean/vendor/laravel/framework/src/Illuminate/View/FileViewFinder.php:111)
[stacktrace]
#0 C:/Users/amir umar danial/Herd/fyp-dashboard/fyp-clean/vendor/laravel/framework/src/Illuminate/View/FileViewFinder.php(89): Illuminate/View/FileViewFinder->parseNamespaceSegments('layouts::app')
#1 C:/Users/amir umar danial/Herd/fyp-dashboard/fyp-clean/vendor/laravel/framework/src/Illuminate/View/FileViewFinder.php(75): Illuminate/View/FileViewFinder->findNamespacedView('layouts::app')
#2 C:/Users/amir umar danial/Herd/fyp-dashboard/fyp-clean/vendor/laravel/framework/src/Illuminate/View/Factory.php(150): Illuminate/View/FileViewFinder->find('layouts::app')
#3 C:/Users/amir umar danial/Herd/fyp-dashboard/fyp-clean/vendor/laravel/framework/src/Illuminate/View/Concerns/ManagesComponents.php(103): Illuminate/View/Factory->make('layouts::app', Array)
#4 C:/Users/amir umar danial/Herd/fyp-dashboard/fyp-clean/storage/framework/views/1988e30fa64d657ad7abbfe9aa2419c9.php(17): Illuminate/View/Factory->renderComponent()
#5 C:/Users/amir umar danial/Herd/fyp-dashboard/fyp-clean/vendor/laravel/framework/src/Illuminate/Filesystem/Filesystem.php(123): require('C://Users//amir u...')
#6 C:/Users/amir umar danial/Herd/fyp-dashboard/fyp-clean/vendor/laravel/framework/src/Illuminate/Filesystem/Filesystem.php(124): Illuminate/Filesystem/Filesystem::{closure:Illuminate/Filesystem/Filesystem::getRequire():120}()
#7 C:/Users/amir umar danial/Herd/fyp-dashboard/fyp-clean/vendor/laravel/framework/src/Illuminate/View/Engines/PhpEngine.php(57): Illuminate/Filesystem/Filesystem->getRequire('C://Users//amir u...', Array)
#8 C:/Users/amir umar danial/Herd/fyp-dashboard/fyp-clean/vendor/livewire/livewire/src/Mechanisms/ExtendBlade/ExtendedCompilerEngine.php(22): Illuminate/View/Engines/PhpEngine->evaluatePath('C://Users//amir u...', Array)
#9 C:/Users/amir umar danial/Herd/fyp-dashboard/fyp-clean/vendor/laravel/framework/src/Illuminate/View/Engines/CompilerEngine.php(76): Livewire/Mechanisms/ExtendBlade/ExtendedCompilerEngine->evaluatePath('C://Users//amir u...', Array)
#10 C:/Users/amir umar danial/Herd/fyp-dashboard/fyp-clean/vendor/livewire/livewire/src/Mechanisms/ExtendBlade/ExtendedCompilerEngine.php(10): Illuminate/View/Engines/CompilerEngine->get('C://Users//amir u...', Array)
#11 C:/Users/amir umar danial/Herd/fyp-dashboard/fyp-clean/vendor/laravel/framework/src/Illuminate/View/View.php(208): Livewire/Mechanisms/ExtendBlade/ExtendedCompilerEngine->get('C://Users//amir u...', Array)
#12 C:/Users/amir umar danial/Herd/fyp-dashboard/fyp-clean/vendor/laravel/framework/src/Illuminate/View/View.php(191): Illuminate/View/View->getContents()
#13 C:/Users/amir umar danial/Herd/fyp-dashboard/fyp-clean/vendor/laravel/framework/src/Illuminate/View/View.php(160): Illuminate/View/View->renderContents()
#14 C:/Users/amir umar danial/Herd/fyp-dashboard/fyp-clean/vendor/laravel/framework/src/Illuminate/View/Compilers/BladeCompiler.php(353): Illuminate/View/View->render()
#15 C:/Users/amir umar danial/Herd/fyp-dashboard/fyp-clean/vendor/laravel/framework/src/Illuminate/Support/Facades/Facade.php(363): Illuminate/View/Compilers/BladeCompiler::render('    <?php $layo...', Array)
#16 C:/Users/amir umar danial/Herd/fyp-dashboard/fyp-clean/vendor/livewire/livewire/src/Features/SupportPageComponents/SupportPageComponents.php(154): Illuminate/Support/Facades/Facade::__callStatic('render', Array)
#17 C:/Users/amir umar danial/Herd/fyp-dashboard/fyp-clean/vendor/livewire/livewire/src/Features/SupportPageComponents/HandlesPageComponents.php(26): Livewire/Features/SupportPageComponents/SupportPageComponents::renderContentsIntoLayout('<div wire:snaps...', Object(Livewire/Features/SupportPageComponents/PageComponentConfig))
#18 C:/Users/amir umar danial/Herd/fyp-dashboard/fyp-clean/vendor/laravel/framework/src/Illuminate/Container/BoundMethod.php(36): Livewire/Component->__invoke()
#19 C:/Users/amir umar danial/Herd/fyp-dashboard/fyp-clean/vendor/laravel/framework/src/Illuminate/Container/Util.php(43): Illuminate/Container/BoundMethod::{closure:Illuminate/Container/BoundMethod::call():35}()
#20 C:/Users/amir umar danial/Herd/fyp-dashboard/fyp-clean/vendor/laravel/framework/src/Illuminate/Container/BoundMethod.php(96): Illuminate/Container/Util::unwrapIfClosure(Object(Closure))
#21 C:/Users/amir umar danial/Herd/fyp-dashboard/fyp-clean/vendor/laravel/framework/src/Illuminate/Container/BoundMethod.php(35): Illuminate/Container/BoundMethod::callBoundMethod(Object(Illuminate/Foundation/Application), Array, Object(Closure))
#22 C:/Users/amir umar danial/Herd/fyp-dashboard/fyp-clean/vendor/laravel/framework/src/Illuminate/Container/Container.php(799): Illuminate/Container/BoundMethod::call(Object(Illuminate/Foundation/Application), Array, Array, NULL)
#23 C:/Users/amir umar danial/Herd/fyp-dashboard/fyp-clean/vendor/livewire/volt/src/VoltManager.php(37): Illuminate/Container/Container->call(Array)
#24 C:/Users/amir umar danial/Herd/fyp-dashboard/fyp-clean/vendor/laravel/framework/src/Illuminate/Routing/CallableDispatcher.php(39): Livewire/Volt/VoltManager->{closure:Livewire/Volt/VoltManager::route():34}()
#25 C:/Users/amir umar danial/Herd/fyp-dashboard/fyp-clean/vendor/laravel/framework/src/Illuminate/Routing/Route.php(247): Illuminate/Routing/CallableDispatcher->dispatch(Object(Illuminate/Routing/Route), Object(Closure))
#26 C:/Users/amir umar danial/Herd/fyp-dashboard/fyp-clean/vendor/laravel/framework/src/Illuminate/Routing/Route.php(218): Illuminate/Routing/Route->runCallable()
#27 C:/Users/amir umar danial/Herd/fyp-dashboard/fyp-clean/vendor/laravel/framework/src/Illuminate/Routing/Router.php(822): Illuminate/Routing/Route->run()
#28 C:/Users/amir umar danial/Herd/fyp-dashboard/fyp-clean/vendor/laravel/framework/src/Illuminate/Pipeline/Pipeline.php(180): Illuminate/Routing/Router->{closure:Illuminate/Routing/Router::runRouteWithinStack():821}(Object(Illuminate/Http/Request))
#29 C:/Users/amir umar danial/Herd/fyp-dashboard/fyp-clean/vendor/laravel/framework/src/Illuminate/Routing/Middleware/SubstituteBindings.php(52): Illuminate/Pipeline/Pipeline->{closure:Illuminate/Pipeline/Pipeline::prepareDestination():178}(Object(Illuminate/Http/Request))
#30 C:/Users/amir umar danial/Herd/fyp-dashboard/fyp-clean/vendor/laravel/framework/src/Illuminate/Pipeline/Pipeline.php(219): Illuminate/Routing/Middleware/SubstituteBindings->handle(Object(Illuminate/Http/Request), Object(Closure))
#31 C:/Users/amir umar danial/Herd/fyp-dashboard/fyp-clean/vendor/laravel/framework/src/Illuminate/Foundation/Http/Middleware/PreventRequestForgery.php(104): Illuminate/Pipeline/Pipeline->{closure:{closure:Illuminate/Pipeline/Pipeline::carry():194}:195}(Object(Illuminate/Http/Request))
#32 C:/Users/amir umar danial/Herd/fyp-dashboard/fyp-clean/vendor/laravel/framework/src/Illuminate/Pipeline/Pipeline.php(219): Illuminate/Foundation/Http/Middleware/PreventRequestForgery->handle(Object(Illuminate/Http/Request), Object(Closure))
#33 C:/Users/amir umar danial/Herd/fyp-dashboard/fyp-clean/vendor/laravel/framework/src/Illuminate/View/Middleware/ShareErrorsFromSession.php(48): Illuminate/Pipeline/Pipeline->{closure:{closure:Illuminate/Pipeline/Pipeline::carry():194}:195}(Object(Illuminate/Http/Request))
#34 C:/Users/amir umar danial/Herd/fyp-dashboard/fyp-clean/vendor/laravel/framework/src/Illuminate/Pipeline/Pipeline.php(219): Illuminate/View/Middleware/ShareErrorsFromSession->handle(Object(Illuminate/Http/Request), Object(Closure))
#35 C:/Users/amir umar danial/Herd/fyp-dashboard/fyp-clean/vendor/laravel/framework/src/Illuminate/Session/Middleware/StartSession.php(120): Illuminate/Pipeline/Pipeline->{closure:{closure:Illuminate/Pipeline/Pipeline::carry():194}:195}(Object(Illuminate/Http/Request))
#36 C:/Users/amir umar danial/Herd/fyp-dashboard/fyp-clean/vendor/laravel/framework/src/Illuminate/Session/Middleware/StartSession.php(63): Illuminate/Session/Middleware/StartSession->handleStatefulRequest(Object(Illuminate/Http/Request), Object(Illuminate/Session/Store), Object(Closure))
#37 C:/Users/amir umar danial/Herd/fyp-dashboard/fyp-clean/vendor/laravel/framework/src/Illuminate/Pipeline/Pipeline.php(219): Illuminate/Session/Middleware/StartSession->handle(Object(Illuminate/Http/Request), Object(Closure))
#38 C:/Users/amir umar danial/Herd/fyp-dashboard/fyp-clean/vendor/laravel/framework/src/Illuminate/Cookie/Middleware/AddQueuedCookiesToResponse.php(36): Illuminate/Pipeline/Pipeline->{closure:{closure:Illuminate/Pipeline/Pipeline::carry():194}:195}(Object(Illuminate/Http/Request))
#39 C:/Users/amir umar danial/Herd/fyp-dashboard/fyp-clean/vendor/laravel/framework/src/Illuminate/Pipeline/Pipeline.php(219): Illuminate/Cookie/Middleware/AddQueuedCookiesToResponse->handle(Object(Illuminate/Http/Request), Object(Closure))
#40 C:/Users/amir umar danial/Herd/fyp-dashboard/fyp-clean/vendor/laravel/framework/src/Illuminate/Cookie/Middleware/EncryptCookies.php(74): Illuminate/Pipeline/Pipeline->{closure:{closure:Illuminate/Pipeline/Pipeline::carry():194}:195}(Object(Illuminate/Http/Request))
#41 C:/Users/amir umar danial/Herd/fyp-dashboard/fyp-clean/vendor/laravel/framework/src/Illuminate/Pipeline/Pipeline.php(219): Illuminate/Cookie/Middleware/EncryptCookies->handle(Object(Illuminate/Http/Request), Object(Closure))
#42 C:/Users/amir umar danial/Herd/fyp-dashboard/fyp-clean/vendor/laravel/framework/src/Illuminate/Pipeline/Pipeline.php(137): Illuminate/Pipeline/Pipeline->{closure:{closure:Illuminate/Pipeline/Pipeline::carry():194}:195}(Object(Illuminate/Http/Request))
#43 C:/Users/amir umar danial/Herd/fyp-dashboard/fyp-clean/vendor/laravel/framework/src/Illuminate/Routing/Router.php(821): Illuminate/Pipeline/Pipeline->then(Object(Closure))
#44 C:/Users/amir umar danial/Herd/fyp-dashboard/fyp-clean/vendor/laravel/framework/src/Illuminate/Routing/Router.php(800): Illuminate/Routing/Router->runRouteWithinStack(Object(Illuminate/Routing/Route), Object(Illuminate/Http/Request))
#45 C:/Users/amir umar danial/Herd/fyp-dashboard/fyp-clean/vendor/laravel/framework/src/Illuminate/Routing/Router.php(764): Illuminate/Routing/Router->runRoute(Object(Illuminate/Http/Request), Object(Illuminate/Routing/Route))
#46 C:/Users/amir umar danial/Herd/fyp-dashboard/fyp-clean/vendor/laravel/framework/src/Illuminate/Routing/Router.php(753): Illuminate/Routing/Router->dispatchToRoute(Object(Illuminate/Http/Request))
#47 C:/Users/amir umar danial/Herd/fyp-dashboard/fyp-clean/vendor/laravel/framework/src/Illuminate/Foundation/Http/Kernel.php(200): Illuminate/Routing/Router->dispatch(Object(Illuminate/Http/Request))
#48 C:/Users/amir umar danial/Herd/fyp-dashboard/fyp-clean/vendor/laravel/framework/src/Illuminate/Pipeline/Pipeline.php(180): Illuminate/Foundation/Http/Kernel->{closure:Illuminate/Foundation/Http/Kernel::dispatchToRouter():197}(Object(Illuminate/Http/Request))
#49 C:/Users/amir umar danial/Herd/fyp-dashboard/fyp-clean/vendor/livewire/livewire/src/Features/SupportDisablingBackButtonCache/DisableBackButtonCacheMiddleware.php(19): Illuminate/Pipeline/Pipeline->{closure:Illuminate/Pipeline/Pipeline::prepareDestination():178}(Object(Illuminate/Http/Request))
#50 C:/Users/amir umar danial/Herd/fyp-dashboard/fyp-clean/vendor/laravel/framework/src/Illuminate/Pipeline/Pipeline.php(219): Livewire/Features/SupportDisablingBackButtonCache/DisableBackButtonCacheMiddleware->handle(Object(Illuminate/Http/Request), Object(Closure))
#51 C:/Users/amir umar danial/Herd/fyp-dashboard/fyp-clean/vendor/laravel/framework/src/Illuminate/Foundation/Http/Middleware/TransformsRequest.php(21): Illuminate/Pipeline/Pipeline->{closure:{closure:Illuminate/Pipeline/Pipeline::carry():194}:195}(Object(Illuminate/Http/Request))
#52 C:/Users/amir umar danial/Herd/fyp-dashboard/fyp-clean/vendor/laravel/framework/src/Illuminate/Foundation/Http/Middleware/ConvertEmptyStringsToNull.php(31): Illuminate/Foundation/Http/Middleware/TransformsRequest->handle(Object(Illuminate/Http/Request), Object(Closure))
#53 C:/Users/amir umar danial/Herd/fyp-dashboard/fyp-clean/vendor/laravel/framework/src/Illuminate/Pipeline/Pipeline.php(219): Illuminate/Foundation/Http/Middleware/ConvertEmptyStringsToNull->handle(Object(Illuminate/Http/Request), Object(Closure))
#54 C:/Users/amir umar danial/Herd/fyp-dashboard/fyp-clean/vendor/laravel/framework/src/Illuminate/Foundation/Http/Middleware/TransformsRequest.php(21): Illuminate/Pipeline/Pipeline->{closure:{closure:Illuminate/Pipeline/Pipeline::carry():194}:195}(Object(Illuminate/Http/Request))
#55 C:/Users/amir umar danial/Herd/fyp-dashboard/fyp-clean/vendor/laravel/framework/src/Illuminate/Foundation/Http/Middleware/TrimStrings.php(51): Illuminate/Foundation/Http/Middleware/TransformsRequest->handle(Object(Illuminate/Http/Request), Object(Closure))
#56 C:/Users/amir umar danial/Herd/fyp-dashboard/fyp-clean/vendor/laravel/framework/src/Illuminate/Pipeline/Pipeline.php(219): Illuminate/Foundation/Http/Middleware/TrimStrings->handle(Object(Illuminate/Http/Request), Object(Closure))
#57 C:/Users/amir umar danial/Herd/fyp-dashboard/fyp-clean/vendor/laravel/framework/src/Illuminate/Http/Middleware/ValidatePostSize.php(27): Illuminate/Pipeline/Pipeline->{closure:{closure:Illuminate/Pipeline/Pipeline::carry():194}:195}(Object(Illuminate/Http/Request))
#58 C:/Users/amir umar danial/Herd/fyp-dashboard/fyp-clean/vendor/laravel/framework/src/Illuminate/Pipeline/Pipeline.php(219): Illuminate/Http/Middleware/ValidatePostSize->handle(Object(Illuminate/Http/Request), Object(Closure))
#59 C:/Users/amir umar danial/Herd/fyp-dashboard/fyp-clean/vendor/laravel/framework/src/Illuminate/Foundation/Http/Middleware/PreventRequestsDuringMaintenance.php(109): Illuminate/Pipeline/Pipeline->{closure:{closure:Illuminate/Pipeline/Pipeline::carry():194}:195}(Object(Illuminate/Http/Request))
#60 C:/Users/amir umar danial/Herd/fyp-dashboard/fyp-clean/vendor/laravel/framework/src/Illuminate/Pipeline/Pipeline.php(219): Illuminate/Foundation/Http/Middleware/PreventRequestsDuringMaintenance->handle(Object(Illuminate/Http/Request), Object(Closure))
#61 C:/Users/amir umar danial/Herd/fyp-dashboard/fyp-clean/vendor/laravel/framework/src/Illuminate/Http/Middleware/HandleCors.php(61): Illuminate/Pipeline/Pipeline->{closure:{closure:Illuminate/Pipeline/Pipeline::carry():194}:195}(Object(Illuminate/Http/Request))
#62 C:/Users/amir umar danial/Herd/fyp-dashboard/fyp-clean/vendor/laravel/framework/src/Illuminate/Pipeline/Pipeline.php(219): Illuminate/Http/Middleware/HandleCors->handle(Object(Illuminate/Http/Request), Object(Closure))
#63 C:/Users/amir umar danial/Herd/fyp-dashboard/fyp-clean/vendor/laravel/framework/src/Illuminate/Http/Middleware/TrustProxies.php(58): Illuminate/Pipeline/Pipeline->{closure:{closure:Illuminate/Pipeline/Pipeline::carry():194}:195}(Object(Illuminate/Http/Request))
#64 C:/Users/amir umar danial/Herd/fyp-dashboard/fyp-clean/vendor/laravel/framework/src/Illuminate/Pipeline/Pipeline.php(219): Illuminate/Http/Middleware/TrustProxies->handle(Object(Illuminate/Http/Request), Object(Closure))
#65 C:/Users/amir umar danial/Herd/fyp-dashboard/fyp-clean/vendor/laravel/framework/src/Illuminate/Foundation/Http/Middleware/InvokeDeferredCallbacks.php(22): Illuminate/Pipeline/Pipeline->{closure:{closure:Illuminate/Pipeline/Pipeline::carry():194}:195}(Object(Illuminate/Http/Request))
#66 C:/Users/amir umar danial/Herd/fyp-dashboard/fyp-clean/vendor/laravel/framework/src/Illuminate/Pipeline/Pipeline.php(219): Illuminate/Foundation/Http/Middleware/InvokeDeferredCallbacks->handle(Object(Illuminate/Http/Request), Object(Closure))
#67 C:/Users/amir umar danial/Herd/fyp-dashboard/fyp-clean/vendor/laravel/framework/src/Illuminate/Http/Middleware/ValidatePathEncoding.php(28): Illuminate/Pipeline/Pipeline->{closure:{closure:Illuminate/Pipeline/Pipeline::carry():194}:195}(Object(Illuminate/Http/Request))
#68 C:/Users/amir umar danial/Herd/fyp-dashboard/fyp-clean/vendor/laravel/framework/src/Illuminate/Pipeline/Pipeline.php(219): Illuminate/Http/Middleware/ValidatePathEncoding->handle(Object(Illuminate/Http/Request), Object(Closure))
#69 C:/Users/amir umar danial/Herd/fyp-dashboard/fyp-clean/vendor/laravel/framework/src/Illuminate/Pipeline/Pipeline.php(137): Illuminate/Pipeline/Pipeline->{closure:{closure:Illuminate/Pipeline/Pipeline::carry():194}:195}(Object(Illuminate/Http/Request))
#70 C:/Users/amir umar danial/Herd/fyp-dashboard/fyp-clean/vendor/laravel/framework/src/Illuminate/Foundation/Http/Kernel.php(175): Illuminate/Pipeline/Pipeline->then(Object(Closure))
#71 C:/Users/amir umar danial/Herd/fyp-dashboard/fyp-clean/vendor/laravel/framework/src/Illuminate/Foundation/Http/Kernel.php(144): Illuminate/Foundation/Http/Kernel->sendRequestThroughRouter(Object(Illuminate/Http/Request))
#72 C:/Users/amir umar danial/Herd/fyp-dashboard/fyp-clean/vendor/laravel/framework/src/Illuminate/Foundation/Application.php(1220): Illuminate/Foundation/Http/Kernel->handle(Object(Illuminate/Http/Request))
#73 C:/Users/amir umar danial/Herd/fyp-dashboard/fyp-clean/public/index.php(20): Illuminate/Foundation/Application->handleRequest(Object(Illuminate/Http/Request))
#74 C:/Program Files/Herd/resources/app.asar.unpacked/resources/valet/server.php(139): require('C://Users//amir u...')
#75 {main}
"} 
[2026-03-25 07:38:35] local.ERROR: No hint path defined for [layouts]. (View: C:\Users\amir umar danial\Herd\fyp-dashboard\fyp-clean\storage\framework\views\4943bc92ebba41e8b0e508149542e0ad.blade.php) {"exception":"[object] (Illuminate\\View\\ViewException(code: 0): No hint path defined for [layouts]. (View: C:\\Users\\amir umar danial\\Herd\\fyp-dashboard\\fyp-clean\\storage\\framework\\views\\4943bc92ebba41e8b0e508149542e0ad.blade.php) at C:/Users/amir umar danial/Herd/fyp-dashboard/fyp-clean/vendor/laravel/framework/src/Illuminate/View/FileViewFinder.php:111)
[stacktrace]
#0 C:/Users/amir umar danial/Herd/fyp-dashboard/fyp-clean/vendor/livewire/livewire/src/Mechanisms/ExtendBlade/ExtendedCompilerEngine.php(58): Illuminate/View/Engines/CompilerEngine->handleViewException(Object(InvalidArgumentException), 1)
#1 C:/Users/amir umar danial/Herd/fyp-dashboard/fyp-clean/vendor/laravel/framework/src/Illuminate/View/Engines/PhpEngine.php(59): Livewire/Mechanisms/ExtendBlade/ExtendedCompilerEngine->handleViewException(Object(InvalidArgumentException), 1)
#2 C:/Users/amir umar danial/Herd/fyp-dashboard/fyp-clean/vendor/livewire/livewire/src/Mechanisms/ExtendBlade/ExtendedCompilerEngine.php(22): Illuminate/View/Engines/PhpEngine->evaluatePath('C://Users//amir u...', Array)
#3 C:/Users/amir umar danial/Herd/fyp-dashboard/fyp-clean/vendor/laravel/framework/src/Illuminate/View/Engines/CompilerEngine.php(76): Livewire/Mechanisms/ExtendBlade/ExtendedCompilerEngine->evaluatePath('C://Users//amir u...', Array)
#4 C:/Users/amir umar danial/Herd/fyp-dashboard/fyp-clean/vendor/livewire/livewire/src/Mechanisms/ExtendBlade/ExtendedCompilerEngine.php(10): Illuminate/View/Engines/CompilerEngine->get('C://Users//amir u...', Array)
#5 C:/Users/amir umar danial/Herd/fyp-dashboard/fyp-clean/vendor/laravel/framework/src/Illuminate/View/View.php(208): Livewire/Mechanisms/ExtendBlade/ExtendedCompilerEngine->get('C://Users//amir u...', Array)
#6 C:/Users/amir umar danial/Herd/fyp-dashboard/fyp-clean/vendor/laravel/framework/src/Illuminate/View/View.php(191): Illuminate/View/View->getContents()
#7 C:/Users/amir umar danial/Herd/fyp-dashboard/fyp-clean/vendor/laravel/framework/src/Illuminate/View/View.php(160): Illuminate/View/View->renderContents()
#8 C:/Users/amir umar danial/Herd/fyp-dashboard/fyp-clean/vendor/laravel/framework/src/Illuminate/View/Compilers/BladeCompiler.php(353): Illuminate/View/View->render()
#9 C:/Users/amir umar danial/Herd/fyp-dashboard/fyp-clean/vendor/laravel/framework/src/Illuminate/Support/Facades/Facade.php(363): Illuminate/View/Compilers/BladeCompiler::render('    <?php $layo...', Array)
#10 C:/Users/amir umar danial/Herd/fyp-dashboard/fyp-clean/vendor/livewire/livewire/src/Features/SupportPageComponents/SupportPageComponents.php(154): Illuminate/Support/Facades/Facade::__callStatic('render', Array)
#11 C:/Users/amir umar danial/Herd/fyp-dashboard/fyp-clean/vendor/livewire/livewire/src/Features/SupportPageComponents/HandlesPageComponents.php(26): Livewire/Features/SupportPageComponents/SupportPageComponents::renderContentsIntoLayout('<div wire:snaps...', Object(Livewire/Features/SupportPageComponents/PageComponentConfig))
#12 C:/Users/amir umar danial/Herd/fyp-dashboard/fyp-clean/vendor/laravel/framework/src/Illuminate/Container/BoundMethod.php(36): Livewire/Component->__invoke()
#13 C:/Users/amir umar danial/Herd/fyp-dashboard/fyp-clean/vendor/laravel/framework/src/Illuminate/Container/Util.php(43): Illuminate/Container/BoundMethod::{closure:Illuminate/Container/BoundMethod::call():35}()
#14 C:/Users/amir umar danial/Herd/fyp-dashboard/fyp-clean/vendor/laravel/framework/src/Illuminate/Container/BoundMethod.php(96): Illuminate/Container/Util::unwrapIfClosure(Object(Closure))
#15 C:/Users/amir umar danial/Herd/fyp-dashboard/fyp-clean/vendor/laravel/framework/src/Illuminate/Container/BoundMethod.php(35): Illuminate/Container/BoundMethod::callBoundMethod(Object(Illuminate/Foundation/Application), Array, Object(Closure))
#16 C:/Users/amir umar danial/Herd/fyp-dashboard/fyp-clean/vendor/laravel/framework/src/Illuminate/Container/Container.php(799): Illuminate/Container/BoundMethod::call(Object(Illuminate/Foundation/Application), Array, Array, NULL)
#17 C:/Users/amir umar danial/Herd/fyp-dashboard/fyp-clean/vendor/livewire/volt/src/VoltManager.php(37): Illuminate/Container/Container->call(Array)
#18 C:/Users/amir umar danial/Herd/fyp-dashboard/fyp-clean/vendor/laravel/framework/src/Illuminate/Routing/CallableDispatcher.php(39): Livewire/Volt/VoltManager->{closure:Livewire/Volt/VoltManager::route():34}()
#19 C:/Users/amir umar danial/Herd/fyp-dashboard/fyp-clean/vendor/laravel/framework/src/Illuminate/Routing/Route.php(247): Illuminate/Routing/CallableDispatcher->dispatch(Object(Illuminate/Routing/Route), Object(Closure))
#20 C:/Users/amir umar danial/Herd/fyp-dashboard/fyp-clean/vendor/laravel/framework/src/Illuminate/Routing/Route.php(218): Illuminate/Routing/Route->runCallable()
#21 C:/Users/amir umar danial/Herd/fyp-dashboard/fyp-clean/vendor/laravel/framework/src/Illuminate/Routing/Router.php(822): Illuminate/Routing/Route->run()
#22 C:/Users/amir umar danial/Herd/fyp-dashboard/fyp-clean/vendor/laravel/framework/src/Illuminate/Pipeline/Pipeline.php(180): Illuminate/Routing/Router->{closure:Illuminate/Routing/Router::runRouteWithinStack():821}(Object(Illuminate/Http/Request))
#23 C:/Users/amir umar danial/Herd/fyp-dashboard/fyp-clean/vendor/laravel/framework/src/Illuminate/Routing/Middleware/SubstituteBindings.php(52): Illuminate/Pipeline/Pipeline->{closure:Illuminate/Pipeline/Pipeline::prepareDestination():178}(Object(Illuminate/Http/Request))
#24 C:/Users/amir umar danial/Herd/fyp-dashboard/fyp-clean/vendor/laravel/framework/src/Illuminate/Pipeline/Pipeline.php(219): Illuminate/Routing/Middleware/SubstituteBindings->handle(Object(Illuminate/Http/Request), Object(Closure))
#25 C:/Users/amir umar danial/Herd/fyp-dashboard/fyp-clean/vendor/laravel/framework/src/Illuminate/Foundation/Http/Middleware/PreventRequestForgery.php(104): Illuminate/Pipeline/Pipeline->{closure:{closure:Illuminate/Pipeline/Pipeline::carry():194}:195}(Object(Illuminate/Http/Request))
#26 C:/Users/amir umar danial/Herd/fyp-dashboard/fyp-clean/vendor/laravel/framework/src/Illuminate/Pipeline/Pipeline.php(219): Illuminate/Foundation/Http/Middleware/PreventRequestForgery->handle(Object(Illuminate/Http/Request), Object(Closure))
#27 C:/Users/amir umar danial/Herd/fyp-dashboard/fyp-clean/vendor/laravel/framework/src/Illuminate/View/Middleware/ShareErrorsFromSession.php(48): Illuminate/Pipeline/Pipeline->{closure:{closure:Illuminate/Pipeline/Pipeline::carry():194}:195}(Object(Illuminate/Http/Request))
#28 C:/Users/amir umar danial/Herd/fyp-dashboard/fyp-clean/vendor/laravel/framework/src/Illuminate/Pipeline/Pipeline.php(219): Illuminate/View/Middleware/ShareErrorsFromSession->handle(Object(Illuminate/Http/Request), Object(Closure))
#29 C:/Users/amir umar danial/Herd/fyp-dashboard/fyp-clean/vendor/laravel/framework/src/Illuminate/Session/Middleware/StartSession.php(120): Illuminate/Pipeline/Pipeline->{closure:{closure:Illuminate/Pipeline/Pipeline::carry():194}:195}(Object(Illuminate/Http/Request))
#30 C:/Users/amir umar danial/Herd/fyp-dashboard/fyp-clean/vendor/laravel/framework/src/Illuminate/Session/Middleware/StartSession.php(63): Illuminate/Session/Middleware/StartSession->handleStatefulRequest(Object(Illuminate/Http/Request), Object(Illuminate/Session/Store), Object(Closure))
#31 C:/Users/amir umar danial/Herd/fyp-dashboard/fyp-clean/vendor/laravel/framework/src/Illuminate/Pipeline/Pipeline.php(219): Illuminate/Session/Middleware/StartSession->handle(Object(Illuminate/Http/Request), Object(Closure))
#32 C:/Users/amir umar danial/Herd/fyp-dashboard/fyp-clean/vendor/laravel/framework/src/Illuminate/Cookie/Middleware/AddQueuedCookiesToResponse.php(36): Illuminate/Pipeline/Pipeline->{closure:{closure:Illuminate/Pipeline/Pipeline::carry():194}:195}(Object(Illuminate/Http/Request))
#33 C:/Users/amir umar danial/Herd/fyp-dashboard/fyp-clean/vendor/laravel/framework/src/Illuminate/Pipeline/Pipeline.php(219): Illuminate/Cookie/Middleware/AddQueuedCookiesToResponse->handle(Object(Illuminate/Http/Request), Object(Closure))
#34 C:/Users/amir umar danial/Herd/fyp-dashboard/fyp-clean/vendor/laravel/framework/src/Illuminate/Cookie/Middleware/EncryptCookies.php(74): Illuminate/Pipeline/Pipeline->{closure:{closure:Illuminate/Pipeline/Pipeline::carry():194}:195}(Object(Illuminate/Http/Request))
#35 C:/Users/amir umar danial/Herd/fyp-dashboard/fyp-clean/vendor/laravel/framework/src/Illuminate/Pipeline/Pipeline.php(219): Illuminate/Cookie/Middleware/EncryptCookies->handle(Object(Illuminate/Http/Request), Object(Closure))
#36 C:/Users/amir umar danial/Herd/fyp-dashboard/fyp-clean/vendor/laravel/framework/src/Illuminate/Pipeline/Pipeline.php(137): Illuminate/Pipeline/Pipeline->{closure:{closure:Illuminate/Pipeline/Pipeline::carry():194}:195}(Object(Illuminate/Http/Request))
#37 C:/Users/amir umar danial/Herd/fyp-dashboard/fyp-clean/vendor/laravel/framework/src/Illuminate/Routing/Router.php(821): Illuminate/Pipeline/Pipeline->then(Object(Closure))
#38 C:/Users/amir umar danial/Herd/fyp-dashboard/fyp-clean/vendor/laravel/framework/src/Illuminate/Routing/Router.php(800): Illuminate/Routing/Router->runRouteWithinStack(Object(Illuminate/Routing/Route), Object(Illuminate/Http/Request))
#39 C:/Users/amir umar danial/Herd/fyp-dashboard/fyp-clean/vendor/laravel/framework/src/Illuminate/Routing/Router.php(764): Illuminate/Routing/Router->runRoute(Object(Illuminate/Http/Request), Object(Illuminate/Routing/Route))
#40 C:/Users/amir umar danial/Herd/fyp-dashboard/fyp-clean/vendor/laravel/framework/src/Illuminate/Routing/Router.php(753): Illuminate/Routing/Router->dispatchToRoute(Object(Illuminate/Http/Request))
#41 C:/Users/amir umar danial/Herd/fyp-dashboard/fyp-clean/vendor/laravel/framework/src/Illuminate/Foundation/Http/Kernel.php(200): Illuminate/Routing/Router->dispatch(Object(Illuminate/Http/Request))
#42 C:/Users/amir umar danial/Herd/fyp-dashboard/fyp-clean/vendor/laravel/framework/src/Illuminate/Pipeline/Pipeline.php(180): Illuminate/Foundation/Http/Kernel->{closure:Illuminate/Foundation/Http/Kernel::dispatchToRouter():197}(Object(Illuminate/Http/Request))
#43 C:/Users/amir umar danial/Herd/fyp-dashboard/fyp-clean/vendor/livewire/livewire/src/Features/SupportDisablingBackButtonCache/DisableBackButtonCacheMiddleware.php(19): Illuminate/Pipeline/Pipeline->{closure:Illuminate/Pipeline/Pipeline::prepareDestination():178}(Object(Illuminate/Http/Request))
#44 C:/Users/amir umar danial/Herd/fyp-dashboard/fyp-clean/vendor/laravel/framework/src/Illuminate/Pipeline/Pipeline.php(219): Livewire/Features/SupportDisablingBackButtonCache/DisableBackButtonCacheMiddleware->handle(Object(Illuminate/Http/Request), Object(Closure))
#45 C:/Users/amir umar danial/Herd/fyp-dashboard/fyp-clean/vendor/laravel/framework/src/Illuminate/Foundation/Http/Middleware/TransformsRequest.php(21): Illuminate/Pipeline/Pipeline->{closure:{closure:Illuminate/Pipeline/Pipeline::carry():194}:195}(Object(Illuminate/Http/Request))
#46 C:/Users/amir umar danial/Herd/fyp-dashboard/fyp-clean/vendor/laravel/framework/src/Illuminate/Foundation/Http/Middleware/ConvertEmptyStringsToNull.php(31): Illuminate/Foundation/Http/Middleware/TransformsRequest->handle(Object(Illuminate/Http/Request), Object(Closure))
#47 C:/Users/amir umar danial/Herd/fyp-dashboard/fyp-clean/vendor/laravel/framework/src/Illuminate/Pipeline/Pipeline.php(219): Illuminate/Foundation/Http/Middleware/ConvertEmptyStringsToNull->handle(Object(Illuminate/Http/Request), Object(Closure))
#48 C:/Users/amir umar danial/Herd/fyp-dashboard/fyp-clean/vendor/laravel/framework/src/Illuminate/Foundation/Http/Middleware/TransformsRequest.php(21): Illuminate/Pipeline/Pipeline->{closure:{closure:Illuminate/Pipeline/Pipeline::carry():194}:195}(Object(Illuminate/Http/Request))
#49 C:/Users/amir umar danial/Herd/fyp-dashboard/fyp-clean/vendor/laravel/framework/src/Illuminate/Foundation/Http/Middleware/TrimStrings.php(51): Illuminate/Foundation/Http/Middleware/TransformsRequest->handle(Object(Illuminate/Http/Request), Object(Closure))
#50 C:/Users/amir umar danial/Herd/fyp-dashboard/fyp-clean/vendor/laravel/framework/src/Illuminate/Pipeline/Pipeline.php(219): Illuminate/Foundation/Http/Middleware/TrimStrings->handle(Object(Illuminate/Http/Request), Object(Closure))
#51 C:/Users/amir umar danial/Herd/fyp-dashboard/fyp-clean/vendor/laravel/framework/src/Illuminate/Http/Middleware/ValidatePostSize.php(27): Illuminate/Pipeline/Pipeline->{closure:{closure:Illuminate/Pipeline/Pipeline::carry():194}:195}(Object(Illuminate/Http/Request))
#52 C:/Users/amir umar danial/Herd/fyp-dashboard/fyp-clean/vendor/laravel/framework/src/Illuminate/Pipeline/Pipeline.php(219): Illuminate/Http/Middleware/ValidatePostSize->handle(Object(Illuminate/Http/Request), Object(Closure))
#53 C:/Users/amir umar danial/Herd/fyp-dashboard/fyp-clean/vendor/laravel/framework/src/Illuminate/Foundation/Http/Middleware/PreventRequestsDuringMaintenance.php(109): Illuminate/Pipeline/Pipeline->{closure:{closure:Illuminate/Pipeline/Pipeline::carry():194}:195}(Object(Illuminate/Http/Request))
#54 C:/Users/amir umar danial/Herd/fyp-dashboard/fyp-clean/vendor/laravel/framework/src/Illuminate/Pipeline/Pipeline.php(219): Illuminate/Foundation/Http/Middleware/PreventRequestsDuringMaintenance->handle(Object(Illuminate/Http/Request), Object(Closure))
#55 C:/Users/amir umar danial/Herd/fyp-dashboard/fyp-clean/vendor/laravel/framework/src/Illuminate/Http/Middleware/HandleCors.php(61): Illuminate/Pipeline/Pipeline->{closure:{closure:Illuminate/Pipeline/Pipeline::carry():194}:195}(Object(Illuminate/Http/Request))
#56 C:/Users/amir umar danial/Herd/fyp-dashboard/fyp-clean/vendor/laravel/framework/src/Illuminate/Pipeline/Pipeline.php(219): Illuminate/Http/Middleware/HandleCors->handle(Object(Illuminate/Http/Request), Object(Closure))
#57 C:/Users/amir umar danial/Herd/fyp-dashboard/fyp-clean/vendor/laravel/framework/src/Illuminate/Http/Middleware/TrustProxies.php(58): Illuminate/Pipeline/Pipeline->{closure:{closure:Illuminate/Pipeline/Pipeline::carry():194}:195}(Object(Illuminate/Http/Request))
#58 C:/Users/amir umar danial/Herd/fyp-dashboard/fyp-clean/vendor/laravel/framework/src/Illuminate/Pipeline/Pipeline.php(219): Illuminate/Http/Middleware/TrustProxies->handle(Object(Illuminate/Http/Request), Object(Closure))
#59 C:/Users/amir umar danial/Herd/fyp-dashboard/fyp-clean/vendor/laravel/framework/src/Illuminate/Foundation/Http/Middleware/InvokeDeferredCallbacks.php(22): Illuminate/Pipeline/Pipeline->{closure:{closure:Illuminate/Pipeline/Pipeline::carry():194}:195}(Object(Illuminate/Http/Request))
#60 C:/Users/amir umar danial/Herd/fyp-dashboard/fyp-clean/vendor/laravel/framework/src/Illuminate/Pipeline/Pipeline.php(219): Illuminate/Foundation/Http/Middleware/InvokeDeferredCallbacks->handle(Object(Illuminate/Http/Request), Object(Closure))
#61 C:/Users/amir umar danial/Herd/fyp-dashboard/fyp-clean/vendor/laravel/framework/src/Illuminate/Http/Middleware/ValidatePathEncoding.php(28): Illuminate/Pipeline/Pipeline->{closure:{closure:Illuminate/Pipeline/Pipeline::carry():194}:195}(Object(Illuminate/Http/Request))
#62 C:/Users/amir umar danial/Herd/fyp-dashboard/fyp-clean/vendor/laravel/framework/src/Illuminate/Pipeline/Pipeline.php(219): Illuminate/Http/Middleware/ValidatePathEncoding->handle(Object(Illuminate/Http/Request), Object(Closure))
#63 C:/Users/amir umar danial/Herd/fyp-dashboard/fyp-clean/vendor/laravel/framework/src/Illuminate/Pipeline/Pipeline.php(137): Illuminate/Pipeline/Pipeline->{closure:{closure:Illuminate/Pipeline/Pipeline::carry():194}:195}(Object(Illuminate/Http/Request))
#64 C:/Users/amir umar danial/Herd/fyp-dashboard/fyp-clean/vendor/laravel/framework/src/Illuminate/Foundation/Http/Kernel.php(175): Illuminate/Pipeline/Pipeline->then(Object(Closure))
#65 C:/Users/amir umar danial/Herd/fyp-dashboard/fyp-clean/vendor/laravel/framework/src/Illuminate/Foundation/Http/Kernel.php(144): Illuminate/Foundation/Http/Kernel->sendRequestThroughRouter(Object(Illuminate/Http/Request))
#66 C:/Users/amir umar danial/Herd/fyp-dashboard/fyp-clean/vendor/laravel/framework/src/Illuminate/Foundation/Application.php(1220): Illuminate/Foundation/Http/Kernel->handle(Object(Illuminate/Http/Request))
#67 C:/Users/amir umar danial/Herd/fyp-dashboard/fyp-clean/public/index.php(20): Illuminate/Foundation/Application->handleRequest(Object(Illuminate/Http/Request))
#68 C:/Program Files/Herd/resources/app.asar.unpacked/resources/valet/server.php(139): require('C://Users//amir u...')
#69 {main}

[previous exception] [object] (InvalidArgumentException(code: 0): No hint path defined for [layouts]. at C:/Users/amir umar danial/Herd/fyp-dashboard/fyp-clean/vendor/laravel/framework/src/Illuminate/View/FileViewFinder.php:111)
[stacktrace]
#0 C:/Users/amir umar danial/Herd/fyp-dashboard/fyp-clean/vendor/laravel/framework/src/Illuminate/View/FileViewFinder.php(89): Illuminate/View/FileViewFinder->parseNamespaceSegments('layouts::app')
#1 C:/Users/amir umar danial/Herd/fyp-dashboard/fyp-clean/vendor/laravel/framework/src/Illuminate/View/FileViewFinder.php(75): Illuminate/View/FileViewFinder->findNamespacedView('layouts::app')
#2 C:/Users/amir umar danial/Herd/fyp-dashboard/fyp-clean/vendor/laravel/framework/src/Illuminate/View/Factory.php(150): Illuminate/View/FileViewFinder->find('layouts::app')
#3 C:/Users/amir umar danial/Herd/fyp-dashboard/fyp-clean/vendor/laravel/framework/src/Illuminate/View/Concerns/ManagesComponents.php(103): Illuminate/View/Factory->make('layouts::app', Array)
#4 C:/Users/amir umar danial/Herd/fyp-dashboard/fyp-clean/storage/framework/views/1988e30fa64d657ad7abbfe9aa2419c9.php(17): Illuminate/View/Factory->renderComponent()
#5 C:/Users/amir umar danial/Herd/fyp-dashboard/fyp-clean/vendor/laravel/framework/src/Illuminate/Filesystem/Filesystem.php(123): require('C://Users//amir u...')
#6 C:/Users/amir umar danial/Herd/fyp-dashboard/fyp-clean/vendor/laravel/framework/src/Illuminate/Filesystem/Filesystem.php(124): Illuminate/Filesystem/Filesystem::{closure:Illuminate/Filesystem/Filesystem::getRequire():120}()
#7 C:/Users/amir umar danial/Herd/fyp-dashboard/fyp-clean/vendor/laravel/framework/src/Illuminate/View/Engines/PhpEngine.php(57): Illuminate/Filesystem/Filesystem->getRequire('C://Users//amir u...', Array)
#8 C:/Users/amir umar danial/Herd/fyp-dashboard/fyp-clean/vendor/livewire/livewire/src/Mechanisms/ExtendBlade/ExtendedCompilerEngine.php(22): Illuminate/View/Engines/PhpEngine->evaluatePath('C://Users//amir u...', Array)
#9 C:/Users/amir umar danial/Herd/fyp-dashboard/fyp-clean/vendor/laravel/framework/src/Illuminate/View/Engines/CompilerEngine.php(76): Livewire/Mechanisms/ExtendBlade/ExtendedCompilerEngine->evaluatePath('C://Users//amir u...', Array)
#10 C:/Users/amir umar danial/Herd/fyp-dashboard/fyp-clean/vendor/livewire/livewire/src/Mechanisms/ExtendBlade/ExtendedCompilerEngine.php(10): Illuminate/View/Engines/CompilerEngine->get('C://Users//amir u...', Array)
#11 C:/Users/amir umar danial/Herd/fyp-dashboard/fyp-clean/vendor/laravel/framework/src/Illuminate/View/View.php(208): Livewire/Mechanisms/ExtendBlade/ExtendedCompilerEngine->get('C://Users//amir u...', Array)
#12 C:/Users/amir umar danial/Herd/fyp-dashboard/fyp-clean/vendor/laravel/framework/src/Illuminate/View/View.php(191): Illuminate/View/View->getContents()
#13 C:/Users/amir umar danial/Herd/fyp-dashboard/fyp-clean/vendor/laravel/framework/src/Illuminate/View/View.php(160): Illuminate/View/View->renderContents()
#14 C:/Users/amir umar danial/Herd/fyp-dashboard/fyp-clean/vendor/laravel/framework/src/Illuminate/View/Compilers/BladeCompiler.php(353): Illuminate/View/View->render()
#15 C:/Users/amir umar danial/Herd/fyp-dashboard/fyp-clean/vendor/laravel/framework/src/Illuminate/Support/Facades/Facade.php(363): Illuminate/View/Compilers/BladeCompiler::render('    <?php $layo...', Array)
#16 C:/Users/amir umar danial/Herd/fyp-dashboard/fyp-clean/vendor/livewire/livewire/src/Features/SupportPageComponents/SupportPageComponents.php(154): Illuminate/Support/Facades/Facade::__callStatic('render', Array)
#17 C:/Users/amir umar danial/Herd/fyp-dashboard/fyp-clean/vendor/livewire/livewire/src/Features/SupportPageComponents/HandlesPageComponents.php(26): Livewire/Features/SupportPageComponents/SupportPageComponents::renderContentsIntoLayout('<div wire:snaps...', Object(Livewire/Features/SupportPageComponents/PageComponentConfig))
#18 C:/Users/amir umar danial/Herd/fyp-dashboard/fyp-clean/vendor/laravel/framework/src/Illuminate/Container/BoundMethod.php(36): Livewire/Component->__invoke()
#19 C:/Users/amir umar danial/Herd/fyp-dashboard/fyp-clean/vendor/laravel/framework/src/Illuminate/Container/Util.php(43): Illuminate/Container/BoundMethod::{closure:Illuminate/Container/BoundMethod::call():35}()
#20 C:/Users/amir umar danial/Herd/fyp-dashboard/fyp-clean/vendor/laravel/framework/src/Illuminate/Container/BoundMethod.php(96): Illuminate/Container/Util::unwrapIfClosure(Object(Closure))
#21 C:/Users/amir umar danial/Herd/fyp-dashboard/fyp-clean/vendor/laravel/framework/src/Illuminate/Container/BoundMethod.php(35): Illuminate/Container/BoundMethod::callBoundMethod(Object(Illuminate/Foundation/Application), Array, Object(Closure))
#22 C:/Users/amir umar danial/Herd/fyp-dashboard/fyp-clean/vendor/laravel/framework/src/Illuminate/Container/Container.php(799): Illuminate/Container/BoundMethod::call(Object(Illuminate/Foundation/Application), Array, Array, NULL)
#23 C:/Users/amir umar danial/Herd/fyp-dashboard/fyp-clean/vendor/livewire/volt/src/VoltManager.php(37): Illuminate/Container/Container->call(Array)
#24 C:/Users/amir umar danial/Herd/fyp-dashboard/fyp-clean/vendor/laravel/framework/src/Illuminate/Routing/CallableDispatcher.php(39): Livewire/Volt/VoltManager->{closure:Livewire/Volt/VoltManager::route():34}()
#25 C:/Users/amir umar danial/Herd/fyp-dashboard/fyp-clean/vendor/laravel/framework/src/Illuminate/Routing/Route.php(247): Illuminate/Routing/CallableDispatcher->dispatch(Object(Illuminate/Routing/Route), Object(Closure))
#26 C:/Users/amir umar danial/Herd/fyp-dashboard/fyp-clean/vendor/laravel/framework/src/Illuminate/Routing/Route.php(218): Illuminate/Routing/Route->runCallable()
#27 C:/Users/amir umar danial/Herd/fyp-dashboard/fyp-clean/vendor/laravel/framework/src/Illuminate/Routing/Router.php(822): Illuminate/Routing/Route->run()
#28 C:/Users/amir umar danial/Herd/fyp-dashboard/fyp-clean/vendor/laravel/framework/src/Illuminate/Pipeline/Pipeline.php(180): Illuminate/Routing/Router->{closure:Illuminate/Routing/Router::runRouteWithinStack():821}(Object(Illuminate/Http/Request))
#29 C:/Users/amir umar danial/Herd/fyp-dashboard/fyp-clean/vendor/laravel/framework/src/Illuminate/Routing/Middleware/SubstituteBindings.php(52): Illuminate/Pipeline/Pipeline->{closure:Illuminate/Pipeline/Pipeline::prepareDestination():178}(Object(Illuminate/Http/Request))
#30 C:/Users/amir umar danial/Herd/fyp-dashboard/fyp-clean/vendor/laravel/framework/src/Illuminate/Pipeline/Pipeline.php(219): Illuminate/Routing/Middleware/SubstituteBindings->handle(Object(Illuminate/Http/Request), Object(Closure))
#31 C:/Users/amir umar danial/Herd/fyp-dashboard/fyp-clean/vendor/laravel/framework/src/Illuminate/Foundation/Http/Middleware/PreventRequestForgery.php(104): Illuminate/Pipeline/Pipeline->{closure:{closure:Illuminate/Pipeline/Pipeline::carry():194}:195}(Object(Illuminate/Http/Request))
#32 C:/Users/amir umar danial/Herd/fyp-dashboard/fyp-clean/vendor/laravel/framework/src/Illuminate/Pipeline/Pipeline.php(219): Illuminate/Foundation/Http/Middleware/PreventRequestForgery->handle(Object(Illuminate/Http/Request), Object(Closure))
#33 C:/Users/amir umar danial/Herd/fyp-dashboard/fyp-clean/vendor/laravel/framework/src/Illuminate/View/Middleware/ShareErrorsFromSession.php(48): Illuminate/Pipeline/Pipeline->{closure:{closure:Illuminate/Pipeline/Pipeline::carry():194}:195}(Object(Illuminate/Http/Request))
#34 C:/Users/amir umar danial/Herd/fyp-dashboard/fyp-clean/vendor/laravel/framework/src/Illuminate/Pipeline/Pipeline.php(219): Illuminate/View/Middleware/ShareErrorsFromSession->handle(Object(Illuminate/Http/Request), Object(Closure))
#35 C:/Users/amir umar danial/Herd/fyp-dashboard/fyp-clean/vendor/laravel/framework/src/Illuminate/Session/Middleware/StartSession.php(120): Illuminate/Pipeline/Pipeline->{closure:{closure:Illuminate/Pipeline/Pipeline::carry():194}:195}(Object(Illuminate/Http/Request))
#36 C:/Users/amir umar danial/Herd/fyp-dashboard/fyp-clean/vendor/laravel/framework/src/Illuminate/Session/Middleware/StartSession.php(63): Illuminate/Session/Middleware/StartSession->handleStatefulRequest(Object(Illuminate/Http/Request), Object(Illuminate/Session/Store), Object(Closure))
#37 C:/Users/amir umar danial/Herd/fyp-dashboard/fyp-clean/vendor/laravel/framework/src/Illuminate/Pipeline/Pipeline.php(219): Illuminate/Session/Middleware/StartSession->handle(Object(Illuminate/Http/Request), Object(Closure))
#38 C:/Users/amir umar danial/Herd/fyp-dashboard/fyp-clean/vendor/laravel/framework/src/Illuminate/Cookie/Middleware/AddQueuedCookiesToResponse.php(36): Illuminate/Pipeline/Pipeline->{closure:{closure:Illuminate/Pipeline/Pipeline::carry():194}:195}(Object(Illuminate/Http/Request))
#39 C:/Users/amir umar danial/Herd/fyp-dashboard/fyp-clean/vendor/laravel/framework/src/Illuminate/Pipeline/Pipeline.php(219): Illuminate/Cookie/Middleware/AddQueuedCookiesToResponse->handle(Object(Illuminate/Http/Request), Object(Closure))
#40 C:/Users/amir umar danial/Herd/fyp-dashboard/fyp-clean/vendor/laravel/framework/src/Illuminate/Cookie/Middleware/EncryptCookies.php(74): Illuminate/Pipeline/Pipeline->{closure:{closure:Illuminate/Pipeline/Pipeline::carry():194}:195}(Object(Illuminate/Http/Request))
#41 C:/Users/amir umar danial/Herd/fyp-dashboard/fyp-clean/vendor/laravel/framework/src/Illuminate/Pipeline/Pipeline.php(219): Illuminate/Cookie/Middleware/EncryptCookies->handle(Object(Illuminate/Http/Request), Object(Closure))
#42 C:/Users/amir umar danial/Herd/fyp-dashboard/fyp-clean/vendor/laravel/framework/src/Illuminate/Pipeline/Pipeline.php(137): Illuminate/Pipeline/Pipeline->{closure:{closure:Illuminate/Pipeline/Pipeline::carry():194}:195}(Object(Illuminate/Http/Request))
#43 C:/Users/amir umar danial/Herd/fyp-dashboard/fyp-clean/vendor/laravel/framework/src/Illuminate/Routing/Router.php(821): Illuminate/Pipeline/Pipeline->then(Object(Closure))
#44 C:/Users/amir umar danial/Herd/fyp-dashboard/fyp-clean/vendor/laravel/framework/src/Illuminate/Routing/Router.php(800): Illuminate/Routing/Router->runRouteWithinStack(Object(Illuminate/Routing/Route), Object(Illuminate/Http/Request))
#45 C:/Users/amir umar danial/Herd/fyp-dashboard/fyp-clean/vendor/laravel/framework/src/Illuminate/Routing/Router.php(764): Illuminate/Routing/Router->runRoute(Object(Illuminate/Http/Request), Object(Illuminate/Routing/Route))
#46 C:/Users/amir umar danial/Herd/fyp-dashboard/fyp-clean/vendor/laravel/framework/src/Illuminate/Routing/Router.php(753): Illuminate/Routing/Router->dispatchToRoute(Object(Illuminate/Http/Request))
#47 C:/Users/amir umar danial/Herd/fyp-dashboard/fyp-clean/vendor/laravel/framework/src/Illuminate/Foundation/Http/Kernel.php(200): Illuminate/Routing/Router->dispatch(Object(Illuminate/Http/Request))
#48 C:/Users/amir umar danial/Herd/fyp-dashboard/fyp-clean/vendor/laravel/framework/src/Illuminate/Pipeline/Pipeline.php(180): Illuminate/Foundation/Http/Kernel->{closure:Illuminate/Foundation/Http/Kernel::dispatchToRouter():197}(Object(Illuminate/Http/Request))
#49 C:/Users/amir umar danial/Herd/fyp-dashboard/fyp-clean/vendor/livewire/livewire/src/Features/SupportDisablingBackButtonCache/DisableBackButtonCacheMiddleware.php(19): Illuminate/Pipeline/Pipeline->{closure:Illuminate/Pipeline/Pipeline::prepareDestination():178}(Object(Illuminate/Http/Request))
#50 C:/Users/amir umar danial/Herd/fyp-dashboard/fyp-clean/vendor/laravel/framework/src/Illuminate/Pipeline/Pipeline.php(219): Livewire/Features/SupportDisablingBackButtonCache/DisableBackButtonCacheMiddleware->handle(Object(Illuminate/Http/Request), Object(Closure))
#51 C:/Users/amir umar danial/Herd/fyp-dashboard/fyp-clean/vendor/laravel/framework/src/Illuminate/Foundation/Http/Middleware/TransformsRequest.php(21): Illuminate/Pipeline/Pipeline->{closure:{closure:Illuminate/Pipeline/Pipeline::carry():194}:195}(Object(Illuminate/Http/Request))
#52 C:/Users/amir umar danial/Herd/fyp-dashboard/fyp-clean/vendor/laravel/framework/src/Illuminate/Foundation/Http/Middleware/ConvertEmptyStringsToNull.php(31): Illuminate/Foundation/Http/Middleware/TransformsRequest->handle(Object(Illuminate/Http/Request), Object(Closure))
#53 C:/Users/amir umar danial/Herd/fyp-dashboard/fyp-clean/vendor/laravel/framework/src/Illuminate/Pipeline/Pipeline.php(219): Illuminate/Foundation/Http/Middleware/ConvertEmptyStringsToNull->handle(Object(Illuminate/Http/Request), Object(Closure))
#54 C:/Users/amir umar danial/Herd/fyp-dashboard/fyp-clean/vendor/laravel/framework/src/Illuminate/Foundation/Http/Middleware/TransformsRequest.php(21): Illuminate/Pipeline/Pipeline->{closure:{closure:Illuminate/Pipeline/Pipeline::carry():194}:195}(Object(Illuminate/Http/Request))
#55 C:/Users/amir umar danial/Herd/fyp-dashboard/fyp-clean/vendor/laravel/framework/src/Illuminate/Foundation/Http/Middleware/TrimStrings.php(51): Illuminate/Foundation/Http/Middleware/TransformsRequest->handle(Object(Illuminate/Http/Request), Object(Closure))
#56 C:/Users/amir umar danial/Herd/fyp-dashboard/fyp-clean/vendor/laravel/framework/src/Illuminate/Pipeline/Pipeline.php(219): Illuminate/Foundation/Http/Middleware/TrimStrings->handle(Object(Illuminate/Http/Request), Object(Closure))
#57 C:/Users/amir umar danial/Herd/fyp-dashboard/fyp-clean/vendor/laravel/framework/src/Illuminate/Http/Middleware/ValidatePostSize.php(27): Illuminate/Pipeline/Pipeline->{closure:{closure:Illuminate/Pipeline/Pipeline::carry():194}:195}(Object(Illuminate/Http/Request))
#58 C:/Users/amir umar danial/Herd/fyp-dashboard/fyp-clean/vendor/laravel/framework/src/Illuminate/Pipeline/Pipeline.php(219): Illuminate/Http/Middleware/ValidatePostSize->handle(Object(Illuminate/Http/Request), Object(Closure))
#59 C:/Users/amir umar danial/Herd/fyp-dashboard/fyp-clean/vendor/laravel/framework/src/Illuminate/Foundation/Http/Middleware/PreventRequestsDuringMaintenance.php(109): Illuminate/Pipeline/Pipeline->{closure:{closure:Illuminate/Pipeline/Pipeline::carry():194}:195}(Object(Illuminate/Http/Request))
#60 C:/Users/amir umar danial/Herd/fyp-dashboard/fyp-clean/vendor/laravel/framework/src/Illuminate/Pipeline/Pipeline.php(219): Illuminate/Foundation/Http/Middleware/PreventRequestsDuringMaintenance->handle(Object(Illuminate/Http/Request), Object(Closure))
#61 C:/Users/amir umar danial/Herd/fyp-dashboard/fyp-clean/vendor/laravel/framework/src/Illuminate/Http/Middleware/HandleCors.php(61): Illuminate/Pipeline/Pipeline->{closure:{closure:Illuminate/Pipeline/Pipeline::carry():194}:195}(Object(Illuminate/Http/Request))
#62 C:/Users/amir umar danial/Herd/fyp-dashboard/fyp-clean/vendor/laravel/framework/src/Illuminate/Pipeline/Pipeline.php(219): Illuminate/Http/Middleware/HandleCors->handle(Object(Illuminate/Http/Request), Object(Closure))
#63 C:/Users/amir umar danial/Herd/fyp-dashboard/fyp-clean/vendor/laravel/framework/src/Illuminate/Http/Middleware/TrustProxies.php(58): Illuminate/Pipeline/Pipeline->{closure:{closure:Illuminate/Pipeline/Pipeline::carry():194}:195}(Object(Illuminate/Http/Request))
#64 C:/Users/amir umar danial/Herd/fyp-dashboard/fyp-clean/vendor/laravel/framework/src/Illuminate/Pipeline/Pipeline.php(219): Illuminate/Http/Middleware/TrustProxies->handle(Object(Illuminate/Http/Request), Object(Closure))
#65 C:/Users/amir umar danial/Herd/fyp-dashboard/fyp-clean/vendor/laravel/framework/src/Illuminate/Foundation/Http/Middleware/InvokeDeferredCallbacks.php(22): Illuminate/Pipeline/Pipeline->{closure:{closure:Illuminate/Pipeline/Pipeline::carry():194}:195}(Object(Illuminate/Http/Request))
#66 C:/Users/amir umar danial/Herd/fyp-dashboard/fyp-clean/vendor/laravel/framework/src/Illuminate/Pipeline/Pipeline.php(219): Illuminate/Foundation/Http/Middleware/InvokeDeferredCallbacks->handle(Object(Illuminate/Http/Request), Object(Closure))
#67 C:/Users/amir umar danial/Herd/fyp-dashboard/fyp-clean/vendor/laravel/framework/src/Illuminate/Http/Middleware/ValidatePathEncoding.php(28): Illuminate/Pipeline/Pipeline->{closure:{closure:Illuminate/Pipeline/Pipeline::carry():194}:195}(Object(Illuminate/Http/Request))
#68 C:/Users/amir umar danial/Herd/fyp-dashboard/fyp-clean/vendor/laravel/framework/src/Illuminate/Pipeline/Pipeline.php(219): Illuminate/Http/Middleware/ValidatePathEncoding->handle(Object(Illuminate/Http/Request), Object(Closure))
#69 C:/Users/amir umar danial/Herd/fyp-dashboard/fyp-clean/vendor/laravel/framework/src/Illuminate/Pipeline/Pipeline.php(137): Illuminate/Pipeline/Pipeline->{closure:{closure:Illuminate/Pipeline/Pipeline::carry():194}:195}(Object(Illuminate/Http/Request))
#70 C:/Users/amir umar danial/Herd/fyp-dashboard/fyp-clean/vendor/laravel/framework/src/Illuminate/Foundation/Http/Kernel.php(175): Illuminate/Pipeline/Pipeline->then(Object(Closure))
#71 C:/Users/amir umar danial/Herd/fyp-dashboard/fyp-clean/vendor/laravel/framework/src/Illuminate/Foundation/Http/Kernel.php(144): Illuminate/Foundation/Http/Kernel->sendRequestThroughRouter(Object(Illuminate/Http/Request))
#72 C:/Users/amir umar danial/Herd/fyp-dashboard/fyp-clean/vendor/laravel/framework/src/Illuminate/Foundation/Application.php(1220): Illuminate/Foundation/Http/Kernel->handle(Object(Illuminate/Http/Request))
#73 C:/Users/amir umar danial/Herd/fyp-dashboard/fyp-clean/public/index.php(20): Illuminate/Foundation/Application->handleRequest(Object(Illuminate/Http/Request))
#74 C:/Program Files/Herd/resources/app.asar.unpacked/resources/valet/server.php(139): require('C://Users//amir u...')
#75 {main}
"} 
[2026-03-25 07:43:00] local.ERROR: Method Illuminate\Routing\Route::layout does not exist. {"exception":"[object] (BadMethodCallException(code: 0): Method Illuminate\\Routing\\Route::layout does not exist. at C:/Users/amir umar danial/Herd/fyp-dashboard/fyp-clean/vendor/laravel/framework/src/Illuminate/Macroable/Traits/Macroable.php:115)
[stacktrace]
#0 C:/Users/amir umar danial/Herd/fyp-dashboard/fyp-clean/routes/web.php(7): Illuminate/Routing/Route->__call('layout', Array)
#1 C:/Users/amir umar danial/Herd/fyp-dashboard/fyp-clean/vendor/laravel/framework/src/Illuminate/Routing/RouteFileRegistrar.php(34): require('C://Users//amir u...')
#2 C:/Users/amir umar danial/Herd/fyp-dashboard/fyp-clean/vendor/laravel/framework/src/Illuminate/Routing/Router.php(526): Illuminate/Routing/RouteFileRegistrar->register('C://Users//amir u...')
#3 C:/Users/amir umar danial/Herd/fyp-dashboard/fyp-clean/vendor/laravel/framework/src/Illuminate/Routing/Router.php(480): Illuminate/Routing/Router->loadRoutes('C://Users//amir u...')
#4 C:/Users/amir umar danial/Herd/fyp-dashboard/fyp-clean/vendor/laravel/framework/src/Illuminate/Routing/RouteRegistrar.php(212): Illuminate/Routing/Router->group(Array, 'C://Users//amir u...')
#5 C:/Users/amir umar danial/Herd/fyp-dashboard/fyp-clean/vendor/laravel/framework/src/Illuminate/Foundation/Configuration/ApplicationBuilder.php(250): Illuminate/Routing/RouteRegistrar->group('C://Users//amir u...')
#6 C:/Users/amir umar danial/Herd/fyp-dashboard/fyp-clean/vendor/laravel/framework/src/Illuminate/Container/BoundMethod.php(36): Illuminate/Foundation/Configuration/ApplicationBuilder->{closure:Illuminate/Foundation/Configuration/ApplicationBuilder::buildRoutingCallback():207}()
#7 C:/Users/amir umar danial/Herd/fyp-dashboard/fyp-clean/vendor/laravel/framework/src/Illuminate/Container/Util.php(43): Illuminate/Container/BoundMethod::{closure:Illuminate/Container/BoundMethod::call():35}()
#8 C:/Users/amir umar danial/Herd/fyp-dashboard/fyp-clean/vendor/laravel/framework/src/Illuminate/Container/BoundMethod.php(84): Illuminate/Container/Util::unwrapIfClosure(Object(Closure))
#9 C:/Users/amir umar danial/Herd/fyp-dashboard/fyp-clean/vendor/laravel/framework/src/Illuminate/Container/BoundMethod.php(35): Illuminate/Container/BoundMethod::callBoundMethod(Object(Illuminate/Foundation/Application), Object(Closure), Object(Closure))
#10 C:/Users/amir umar danial/Herd/fyp-dashboard/fyp-clean/vendor/laravel/framework/src/Illuminate/Container/Container.php(799): Illuminate/Container/BoundMethod::call(Object(Illuminate/Foundation/Application), Object(Closure), Array, NULL)
#11 C:/Users/amir umar danial/Herd/fyp-dashboard/fyp-clean/vendor/laravel/framework/src/Illuminate/Foundation/Support/Providers/RouteServiceProvider.php(162): Illuminate/Container/Container->call(Object(Closure))
#12 C:/Users/amir umar danial/Herd/fyp-dashboard/fyp-clean/vendor/laravel/framework/src/Illuminate/Foundation/Support/Providers/RouteServiceProvider.php(59): Illuminate/Foundation/Support/Providers/RouteServiceProvider->loadRoutes()
#13 C:/Users/amir umar danial/Herd/fyp-dashboard/fyp-clean/vendor/laravel/framework/src/Illuminate/Container/BoundMethod.php(36): Illuminate/Foundation/Support/Providers/RouteServiceProvider->{closure:Illuminate/Foundation/Support/Providers/RouteServiceProvider::register():53}()
#14 C:/Users/amir umar danial/Herd/fyp-dashboard/fyp-clean/vendor/laravel/framework/src/Illuminate/Container/Util.php(43): Illuminate/Container/BoundMethod::{closure:Illuminate/Container/BoundMethod::call():35}()
#15 C:/Users/amir umar danial/Herd/fyp-dashboard/fyp-clean/vendor/laravel/framework/src/Illuminate/Container/BoundMethod.php(84): Illuminate/Container/Util::unwrapIfClosure(Object(Closure))
#16 C:/Users/amir umar danial/Herd/fyp-dashboard/fyp-clean/vendor/laravel/framework/src/Illuminate/Container/BoundMethod.php(35): Illuminate/Container/BoundMethod::callBoundMethod(Object(Illuminate/Foundation/Application), Object(Closure), Object(Closure))
#17 C:/Users/amir umar danial/Herd/fyp-dashboard/fyp-clean/vendor/laravel/framework/src/Illuminate/Container/Container.php(799): Illuminate/Container/BoundMethod::call(Object(Illuminate/Foundation/Application), Object(Closure), Array, NULL)
#18 C:/Users/amir umar danial/Herd/fyp-dashboard/fyp-clean/vendor/laravel/framework/src/Illuminate/Support/ServiceProvider.php(150): Illuminate/Container/Container->call(Object(Closure))
#19 C:/Users/amir umar danial/Herd/fyp-dashboard/fyp-clean/vendor/laravel/framework/src/Illuminate/Foundation/Application.php(1154): Illuminate/Support/ServiceProvider->callBootedCallbacks()
#20 C:/Users/amir umar danial/Herd/fyp-dashboard/fyp-clean/vendor/laravel/framework/src/Illuminate/Foundation/Application.php(1132): Illuminate/Foundation/Application->bootProvider(Object(Illuminate/Foundation/Support/Providers/RouteServiceProvider))
#21 [internal function]: Illuminate/Foundation/Application->{closure:Illuminate/Foundation/Application::boot():1131}(Object(Illuminate/Foundation/Support/Providers/RouteServiceProvider), 'Illuminate//Foun...')
#22 C:/Users/amir umar danial/Herd/fyp-dashboard/fyp-clean/vendor/laravel/framework/src/Illuminate/Foundation/Application.php(1131): array_walk(Array, Object(Closure))
#23 C:/Users/amir umar danial/Herd/fyp-dashboard/fyp-clean/vendor/laravel/framework/src/Illuminate/Foundation/Bootstrap/BootProviders.php(17): Illuminate/Foundation/Application->boot()
#24 C:/Users/amir umar danial/Herd/fyp-dashboard/fyp-clean/vendor/laravel/framework/src/Illuminate/Foundation/Application.php(342): Illuminate/Foundation/Bootstrap/BootProviders->bootstrap(Object(Illuminate/Foundation/Application))
#25 C:/Users/amir umar danial/Herd/fyp-dashboard/fyp-clean/vendor/laravel/framework/src/Illuminate/Foundation/Http/Kernel.php(186): Illuminate/Foundation/Application->bootstrapWith(Array)
#26 C:/Users/amir umar danial/Herd/fyp-dashboard/fyp-clean/vendor/laravel/framework/src/Illuminate/Foundation/Http/Kernel.php(170): Illuminate/Foundation/Http/Kernel->bootstrap()
#27 C:/Users/amir umar danial/Herd/fyp-dashboard/fyp-clean/vendor/laravel/framework/src/Illuminate/Foundation/Http/Kernel.php(144): Illuminate/Foundation/Http/Kernel->sendRequestThroughRouter(Object(Illuminate/Http/Request))
#28 C:/Users/amir umar danial/Herd/fyp-dashboard/fyp-clean/vendor/laravel/framework/src/Illuminate/Foundation/Application.php(1220): Illuminate/Foundation/Http/Kernel->handle(Object(Illuminate/Http/Request))
#29 C:/Users/amir umar danial/Herd/fyp-dashboard/fyp-clean/public/index.php(20): Illuminate/Foundation/Application->handleRequest(Object(Illuminate/Http/Request))
#30 C:/Program Files/Herd/resources/app.asar.unpacked/resources/valet/server.php(139): require('C://Users//amir u...')
#31 {main}
"} 
[2026-03-25 07:43:34] local.ERROR: No hint path defined for [layouts]. (View: C:\Users\amir umar danial\Herd\fyp-dashboard\fyp-clean\storage\framework\views\4943bc92ebba41e8b0e508149542e0ad.blade.php) {"exception":"[object] (Illuminate\\View\\ViewException(code: 0): No hint path defined for [layouts]. (View: C:\\Users\\amir umar danial\\Herd\\fyp-dashboard\\fyp-clean\\storage\\framework\\views\\4943bc92ebba41e8b0e508149542e0ad.blade.php) at C:/Users/amir umar danial/Herd/fyp-dashboard/fyp-clean/vendor/laravel/framework/src/Illuminate/View/FileViewFinder.php:111)
[stacktrace]
#0 C:/Users/amir umar danial/Herd/fyp-dashboard/fyp-clean/vendor/livewire/livewire/src/Mechanisms/ExtendBlade/ExtendedCompilerEngine.php(58): Illuminate/View/Engines/CompilerEngine->handleViewException(Object(InvalidArgumentException), 1)
#1 C:/Users/amir umar danial/Herd/fyp-dashboard/fyp-clean/vendor/laravel/framework/src/Illuminate/View/Engines/PhpEngine.php(59): Livewire/Mechanisms/ExtendBlade/ExtendedCompilerEngine->handleViewException(Object(InvalidArgumentException), 1)
#2 C:/Users/amir umar danial/Herd/fyp-dashboard/fyp-clean/vendor/livewire/livewire/src/Mechanisms/ExtendBlade/ExtendedCompilerEngine.php(22): Illuminate/View/Engines/PhpEngine->evaluatePath('C://Users//amir u...', Array)
#3 C:/Users/amir umar danial/Herd/fyp-dashboard/fyp-clean/vendor/laravel/framework/src/Illuminate/View/Engines/CompilerEngine.php(76): Livewire/Mechanisms/ExtendBlade/ExtendedCompilerEngine->evaluatePath('C://Users//amir u...', Array)
#4 C:/Users/amir umar danial/Herd/fyp-dashboard/fyp-clean/vendor/livewire/livewire/src/Mechanisms/ExtendBlade/ExtendedCompilerEngine.php(10): Illuminate/View/Engines/CompilerEngine->get('C://Users//amir u...', Array)
#5 C:/Users/amir umar danial/Herd/fyp-dashboard/fyp-clean/vendor/laravel/framework/src/Illuminate/View/View.php(208): Livewire/Mechanisms/ExtendBlade/ExtendedCompilerEngine->get('C://Users//amir u...', Array)
#6 C:/Users/amir umar danial/Herd/fyp-dashboard/fyp-clean/vendor/laravel/framework/src/Illuminate/View/View.php(191): Illuminate/View/View->getContents()
#7 C:/Users/amir umar danial/Herd/fyp-dashboard/fyp-clean/vendor/laravel/framework/src/Illuminate/View/View.php(160): Illuminate/View/View->renderContents()
#8 C:/Users/amir umar danial/Herd/fyp-dashboard/fyp-clean/vendor/laravel/framework/src/Illuminate/View/Compilers/BladeCompiler.php(353): Illuminate/View/View->render()
#9 C:/Users/amir umar danial/Herd/fyp-dashboard/fyp-clean/vendor/laravel/framework/src/Illuminate/Support/Facades/Facade.php(363): Illuminate/View/Compilers/BladeCompiler::render('    <?php $layo...', Array)
#10 C:/Users/amir umar danial/Herd/fyp-dashboard/fyp-clean/vendor/livewire/livewire/src/Features/SupportPageComponents/SupportPageComponents.php(154): Illuminate/Support/Facades/Facade::__callStatic('render', Array)
#11 C:/Users/amir umar danial/Herd/fyp-dashboard/fyp-clean/vendor/livewire/livewire/src/Features/SupportPageComponents/HandlesPageComponents.php(26): Livewire/Features/SupportPageComponents/SupportPageComponents::renderContentsIntoLayout('<!DOCTYPE html>...', Object(Livewire/Features/SupportPageComponents/PageComponentConfig))
#12 C:/Users/amir umar danial/Herd/fyp-dashboard/fyp-clean/vendor/laravel/framework/src/Illuminate/Container/BoundMethod.php(36): Livewire/Component->__invoke()
#13 C:/Users/amir umar danial/Herd/fyp-dashboard/fyp-clean/vendor/laravel/framework/src/Illuminate/Container/Util.php(43): Illuminate/Container/BoundMethod::{closure:Illuminate/Container/BoundMethod::call():35}()
#14 C:/Users/amir umar danial/Herd/fyp-dashboard/fyp-clean/vendor/laravel/framework/src/Illuminate/Container/BoundMethod.php(96): Illuminate/Container/Util::unwrapIfClosure(Object(Closure))
#15 C:/Users/amir umar danial/Herd/fyp-dashboard/fyp-clean/vendor/laravel/framework/src/Illuminate/Container/BoundMethod.php(35): Illuminate/Container/BoundMethod::callBoundMethod(Object(Illuminate/Foundation/Application), Array, Object(Closure))
#16 C:/Users/amir umar danial/Herd/fyp-dashboard/fyp-clean/vendor/laravel/framework/src/Illuminate/Container/Container.php(799): Illuminate/Container/BoundMethod::call(Object(Illuminate/Foundation/Application), Array, Array, NULL)
#17 C:/Users/amir umar danial/Herd/fyp-dashboard/fyp-clean/vendor/livewire/volt/src/VoltManager.php(37): Illuminate/Container/Container->call(Array)
#18 C:/Users/amir umar danial/Herd/fyp-dashboard/fyp-clean/vendor/laravel/framework/src/Illuminate/Routing/CallableDispatcher.php(39): Livewire/Volt/VoltManager->{closure:Livewire/Volt/VoltManager::route():34}()
#19 C:/Users/amir umar danial/Herd/fyp-dashboard/fyp-clean/vendor/laravel/framework/src/Illuminate/Routing/Route.php(247): Illuminate/Routing/CallableDispatcher->dispatch(Object(Illuminate/Routing/Route), Object(Closure))
#20 C:/Users/amir umar danial/Herd/fyp-dashboard/fyp-clean/vendor/laravel/framework/src/Illuminate/Routing/Route.php(218): Illuminate/Routing/Route->runCallable()
#21 C:/Users/amir umar danial/Herd/fyp-dashboard/fyp-clean/vendor/laravel/framework/src/Illuminate/Routing/Router.php(822): Illuminate/Routing/Route->run()
#22 C:/Users/amir umar danial/Herd/fyp-dashboard/fyp-clean/vendor/laravel/framework/src/Illuminate/Pipeline/Pipeline.php(180): Illuminate/Routing/Router->{closure:Illuminate/Routing/Router::runRouteWithinStack():821}(Object(Illuminate/Http/Request))
#23 C:/Users/amir umar danial/Herd/fyp-dashboard/fyp-clean/vendor/laravel/framework/src/Illuminate/Routing/Middleware/SubstituteBindings.php(52): Illuminate/Pipeline/Pipeline->{closure:Illuminate/Pipeline/Pipeline::prepareDestination():178}(Object(Illuminate/Http/Request))
#24 C:/Users/amir umar danial/Herd/fyp-dashboard/fyp-clean/vendor/laravel/framework/src/Illuminate/Pipeline/Pipeline.php(219): Illuminate/Routing/Middleware/SubstituteBindings->handle(Object(Illuminate/Http/Request), Object(Closure))
#25 C:/Users/amir umar danial/Herd/fyp-dashboard/fyp-clean/vendor/laravel/framework/src/Illuminate/Foundation/Http/Middleware/PreventRequestForgery.php(104): Illuminate/Pipeline/Pipeline->{closure:{closure:Illuminate/Pipeline/Pipeline::carry():194}:195}(Object(Illuminate/Http/Request))
#26 C:/Users/amir umar danial/Herd/fyp-dashboard/fyp-clean/vendor/laravel/framework/src/Illuminate/Pipeline/Pipeline.php(219): Illuminate/Foundation/Http/Middleware/PreventRequestForgery->handle(Object(Illuminate/Http/Request), Object(Closure))
#27 C:/Users/amir umar danial/Herd/fyp-dashboard/fyp-clean/vendor/laravel/framework/src/Illuminate/View/Middleware/ShareErrorsFromSession.php(48): Illuminate/Pipeline/Pipeline->{closure:{closure:Illuminate/Pipeline/Pipeline::carry():194}:195}(Object(Illuminate/Http/Request))
#28 C:/Users/amir umar danial/Herd/fyp-dashboard/fyp-clean/vendor/laravel/framework/src/Illuminate/Pipeline/Pipeline.php(219): Illuminate/View/Middleware/ShareErrorsFromSession->handle(Object(Illuminate/Http/Request), Object(Closure))
#29 C:/Users/amir umar danial/Herd/fyp-dashboard/fyp-clean/vendor/laravel/framework/src/Illuminate/Session/Middleware/StartSession.php(120): Illuminate/Pipeline/Pipeline->{closure:{closure:Illuminate/Pipeline/Pipeline::carry():194}:195}(Object(Illuminate/Http/Request))
#30 C:/Users/amir umar danial/Herd/fyp-dashboard/fyp-clean/vendor/laravel/framework/src/Illuminate/Session/Middleware/StartSession.php(63): Illuminate/Session/Middleware/StartSession->handleStatefulRequest(Object(Illuminate/Http/Request), Object(Illuminate/Session/Store), Object(Closure))
#31 C:/Users/amir umar danial/Herd/fyp-dashboard/fyp-clean/vendor/laravel/framework/src/Illuminate/Pipeline/Pipeline.php(219): Illuminate/Session/Middleware/StartSession->handle(Object(Illuminate/Http/Request), Object(Closure))
#32 C:/Users/amir umar danial/Herd/fyp-dashboard/fyp-clean/vendor/laravel/framework/src/Illuminate/Cookie/Middleware/AddQueuedCookiesToResponse.php(36): Illuminate/Pipeline/Pipeline->{closure:{closure:Illuminate/Pipeline/Pipeline::carry():194}:195}(Object(Illuminate/Http/Request))
#33 C:/Users/amir umar danial/Herd/fyp-dashboard/fyp-clean/vendor/laravel/framework/src/Illuminate/Pipeline/Pipeline.php(219): Illuminate/Cookie/Middleware/AddQueuedCookiesToResponse->handle(Object(Illuminate/Http/Request), Object(Closure))
#34 C:/Users/amir umar danial/Herd/fyp-dashboard/fyp-clean/vendor/laravel/framework/src/Illuminate/Cookie/Middleware/EncryptCookies.php(74): Illuminate/Pipeline/Pipeline->{closure:{closure:Illuminate/Pipeline/Pipeline::carry():194}:195}(Object(Illuminate/Http/Request))
#35 C:/Users/amir umar danial/Herd/fyp-dashboard/fyp-clean/vendor/laravel/framework/src/Illuminate/Pipeline/Pipeline.php(219): Illuminate/Cookie/Middleware/EncryptCookies->handle(Object(Illuminate/Http/Request), Object(Closure))
#36 C:/Users/amir umar danial/Herd/fyp-dashboard/fyp-clean/vendor/laravel/framework/src/Illuminate/Pipeline/Pipeline.php(137): Illuminate/Pipeline/Pipeline->{closure:{closure:Illuminate/Pipeline/Pipeline::carry():194}:195}(Object(Illuminate/Http/Request))
#37 C:/Users/amir umar danial/Herd/fyp-dashboard/fyp-clean/vendor/laravel/framework/src/Illuminate/Routing/Router.php(821): Illuminate/Pipeline/Pipeline->then(Object(Closure))
#38 C:/Users/amir umar danial/Herd/fyp-dashboard/fyp-clean/vendor/laravel/framework/src/Illuminate/Routing/Router.php(800): Illuminate/Routing/Router->runRouteWithinStack(Object(Illuminate/Routing/Route), Object(Illuminate/Http/Request))
#39 C:/Users/amir umar danial/Herd/fyp-dashboard/fyp-clean/vendor/laravel/framework/src/Illuminate/Routing/Router.php(764): Illuminate/Routing/Router->runRoute(Object(Illuminate/Http/Request), Object(Illuminate/Routing/Route))
#40 C:/Users/amir umar danial/Herd/fyp-dashboard/fyp-clean/vendor/laravel/framework/src/Illuminate/Routing/Router.php(753): Illuminate/Routing/Router->dispatchToRoute(Object(Illuminate/Http/Request))
#41 C:/Users/amir umar danial/Herd/fyp-dashboard/fyp-clean/vendor/laravel/framework/src/Illuminate/Foundation/Http/Kernel.php(200): Illuminate/Routing/Router->dispatch(Object(Illuminate/Http/Request))
#42 C:/Users/amir umar danial/Herd/fyp-dashboard/fyp-clean/vendor/laravel/framework/src/Illuminate/Pipeline/Pipeline.php(180): Illuminate/Foundation/Http/Kernel->{closure:Illuminate/Foundation/Http/Kernel::dispatchToRouter():197}(Object(Illuminate/Http/Request))
#43 C:/Users/amir umar danial/Herd/fyp-dashboard/fyp-clean/vendor/livewire/livewire/src/Features/SupportDisablingBackButtonCache/DisableBackButtonCacheMiddleware.php(19): Illuminate/Pipeline/Pipeline->{closure:Illuminate/Pipeline/Pipeline::prepareDestination():178}(Object(Illuminate/Http/Request))
#44 C:/Users/amir umar danial/Herd/fyp-dashboard/fyp-clean/vendor/laravel/framework/src/Illuminate/Pipeline/Pipeline.php(219): Livewire/Features/SupportDisablingBackButtonCache/DisableBackButtonCacheMiddleware->handle(Object(Illuminate/Http/Request), Object(Closure))
#45 C:/Users/amir umar danial/Herd/fyp-dashboard/fyp-clean/vendor/laravel/framework/src/Illuminate/Foundation/Http/Middleware/TransformsRequest.php(21): Illuminate/Pipeline/Pipeline->{closure:{closure:Illuminate/Pipeline/Pipeline::carry():194}:195}(Object(Illuminate/Http/Request))
#46 C:/Users/amir umar danial/Herd/fyp-dashboard/fyp-clean/vendor/laravel/framework/src/Illuminate/Foundation/Http/Middleware/ConvertEmptyStringsToNull.php(31): Illuminate/Foundation/Http/Middleware/TransformsRequest->handle(Object(Illuminate/Http/Request), Object(Closure))
#47 C:/Users/amir umar danial/Herd/fyp-dashboard/fyp-clean/vendor/laravel/framework/src/Illuminate/Pipeline/Pipeline.php(219): Illuminate/Foundation/Http/Middleware/ConvertEmptyStringsToNull->handle(Object(Illuminate/Http/Request), Object(Closure))
#48 C:/Users/amir umar danial/Herd/fyp-dashboard/fyp-clean/vendor/laravel/framework/src/Illuminate/Foundation/Http/Middleware/TransformsRequest.php(21): Illuminate/Pipeline/Pipeline->{closure:{closure:Illuminate/Pipeline/Pipeline::carry():194}:195}(Object(Illuminate/Http/Request))
#49 C:/Users/amir umar danial/Herd/fyp-dashboard/fyp-clean/vendor/laravel/framework/src/Illuminate/Foundation/Http/Middleware/TrimStrings.php(51): Illuminate/Foundation/Http/Middleware/TransformsRequest->handle(Object(Illuminate/Http/Request), Object(Closure))
#50 C:/Users/amir umar danial/Herd/fyp-dashboard/fyp-clean/vendor/laravel/framework/src/Illuminate/Pipeline/Pipeline.php(219): Illuminate/Foundation/Http/Middleware/TrimStrings->handle(Object(Illuminate/Http/Request), Object(Closure))
#51 C:/Users/amir umar danial/Herd/fyp-dashboard/fyp-clean/vendor/laravel/framework/src/Illuminate/Http/Middleware/ValidatePostSize.php(27): Illuminate/Pipeline/Pipeline->{closure:{closure:Illuminate/Pipeline/Pipeline::carry():194}:195}(Object(Illuminate/Http/Request))
#52 C:/Users/amir umar danial/Herd/fyp-dashboard/fyp-clean/vendor/laravel/framework/src/Illuminate/Pipeline/Pipeline.php(219): Illuminate/Http/Middleware/ValidatePostSize->handle(Object(Illuminate/Http/Request), Object(Closure))
#53 C:/Users/amir umar danial/Herd/fyp-dashboard/fyp-clean/vendor/laravel/framework/src/Illuminate/Foundation/Http/Middleware/PreventRequestsDuringMaintenance.php(109): Illuminate/Pipeline/Pipeline->{closure:{closure:Illuminate/Pipeline/Pipeline::carry():194}:195}(Object(Illuminate/Http/Request))
#54 C:/Users/amir umar danial/Herd/fyp-dashboard/fyp-clean/vendor/laravel/framework/src/Illuminate/Pipeline/Pipeline.php(219): Illuminate/Foundation/Http/Middleware/PreventRequestsDuringMaintenance->handle(Object(Illuminate/Http/Request), Object(Closure))
#55 C:/Users/amir umar danial/Herd/fyp-dashboard/fyp-clean/vendor/laravel/framework/src/Illuminate/Http/Middleware/HandleCors.php(61): Illuminate/Pipeline/Pipeline->{closure:{closure:Illuminate/Pipeline/Pipeline::carry():194}:195}(Object(Illuminate/Http/Request))
#56 C:/Users/amir umar danial/Herd/fyp-dashboard/fyp-clean/vendor/laravel/framework/src/Illuminate/Pipeline/Pipeline.php(219): Illuminate/Http/Middleware/HandleCors->handle(Object(Illuminate/Http/Request), Object(Closure))
#57 C:/Users/amir umar danial/Herd/fyp-dashboard/fyp-clean/vendor/laravel/framework/src/Illuminate/Http/Middleware/TrustProxies.php(58): Illuminate/Pipeline/Pipeline->{closure:{closure:Illuminate/Pipeline/Pipeline::carry():194}:195}(Object(Illuminate/Http/Request))
#58 C:/Users/amir umar danial/Herd/fyp-dashboard/fyp-clean/vendor/laravel/framework/src/Illuminate/Pipeline/Pipeline.php(219): Illuminate/Http/Middleware/TrustProxies->handle(Object(Illuminate/Http/Request), Object(Closure))
#59 C:/Users/amir umar danial/Herd/fyp-dashboard/fyp-clean/vendor/laravel/framework/src/Illuminate/Foundation/Http/Middleware/InvokeDeferredCallbacks.php(22): Illuminate/Pipeline/Pipeline->{closure:{closure:Illuminate/Pipeline/Pipeline::carry():194}:195}(Object(Illuminate/Http/Request))
#60 C:/Users/amir umar danial/Herd/fyp-dashboard/fyp-clean/vendor/laravel/framework/src/Illuminate/Pipeline/Pipeline.php(219): Illuminate/Foundation/Http/Middleware/InvokeDeferredCallbacks->handle(Object(Illuminate/Http/Request), Object(Closure))
#61 C:/Users/amir umar danial/Herd/fyp-dashboard/fyp-clean/vendor/laravel/framework/src/Illuminate/Http/Middleware/ValidatePathEncoding.php(28): Illuminate/Pipeline/Pipeline->{closure:{closure:Illuminate/Pipeline/Pipeline::carry():194}:195}(Object(Illuminate/Http/Request))
#62 C:/Users/amir umar danial/Herd/fyp-dashboard/fyp-clean/vendor/laravel/framework/src/Illuminate/Pipeline/Pipeline.php(219): Illuminate/Http/Middleware/ValidatePathEncoding->handle(Object(Illuminate/Http/Request), Object(Closure))
#63 C:/Users/amir umar danial/Herd/fyp-dashboard/fyp-clean/vendor/laravel/framework/src/Illuminate/Pipeline/Pipeline.php(137): Illuminate/Pipeline/Pipeline->{closure:{closure:Illuminate/Pipeline/Pipeline::carry():194}:195}(Object(Illuminate/Http/Request))
#64 C:/Users/amir umar danial/Herd/fyp-dashboard/fyp-clean/vendor/laravel/framework/src/Illuminate/Foundation/Http/Kernel.php(175): Illuminate/Pipeline/Pipeline->then(Object(Closure))
#65 C:/Users/amir umar danial/Herd/fyp-dashboard/fyp-clean/vendor/laravel/framework/src/Illuminate/Foundation/Http/Kernel.php(144): Illuminate/Foundation/Http/Kernel->sendRequestThroughRouter(Object(Illuminate/Http/Request))
#66 C:/Users/amir umar danial/Herd/fyp-dashboard/fyp-clean/vendor/laravel/framework/src/Illuminate/Foundation/Application.php(1220): Illuminate/Foundation/Http/Kernel->handle(Object(Illuminate/Http/Request))
#67 C:/Users/amir umar danial/Herd/fyp-dashboard/fyp-clean/public/index.php(20): Illuminate/Foundation/Application->handleRequest(Object(Illuminate/Http/Request))
#68 C:/Program Files/Herd/resources/app.asar.unpacked/resources/valet/server.php(139): require('C://Users//amir u...')
#69 {main}

[previous exception] [object] (InvalidArgumentException(code: 0): No hint path defined for [layouts]. at C:/Users/amir umar danial/Herd/fyp-dashboard/fyp-clean/vendor/laravel/framework/src/Illuminate/View/FileViewFinder.php:111)
[stacktrace]
#0 C:/Users/amir umar danial/Herd/fyp-dashboard/fyp-clean/vendor/laravel/framework/src/Illuminate/View/FileViewFinder.php(89): Illuminate/View/FileViewFinder->parseNamespaceSegments('layouts::app')
#1 C:/Users/amir umar danial/Herd/fyp-dashboard/fyp-clean/vendor/laravel/framework/src/Illuminate/View/FileViewFinder.php(75): Illuminate/View/FileViewFinder->findNamespacedView('layouts::app')
#2 C:/Users/amir umar danial/Herd/fyp-dashboard/fyp-clean/vendor/laravel/framework/src/Illuminate/View/Factory.php(150): Illuminate/View/FileViewFinder->find('layouts::app')
#3 C:/Users/amir umar danial/Herd/fyp-dashboard/fyp-clean/vendor/laravel/framework/src/Illuminate/View/Concerns/ManagesComponents.php(103): Illuminate/View/Factory->make('layouts::app', Array)
#4 C:/Users/amir umar danial/Herd/fyp-dashboard/fyp-clean/storage/framework/views/1988e30fa64d657ad7abbfe9aa2419c9.php(17): Illuminate/View/Factory->renderComponent()
#5 C:/Users/amir umar danial/Herd/fyp-dashboard/fyp-clean/vendor/laravel/framework/src/Illuminate/Filesystem/Filesystem.php(123): require('C://Users//amir u...')
#6 C:/Users/amir umar danial/Herd/fyp-dashboard/fyp-clean/vendor/laravel/framework/src/Illuminate/Filesystem/Filesystem.php(124): Illuminate/Filesystem/Filesystem::{closure:Illuminate/Filesystem/Filesystem::getRequire():120}()
#7 C:/Users/amir umar danial/Herd/fyp-dashboard/fyp-clean/vendor/laravel/framework/src/Illuminate/View/Engines/PhpEngine.php(57): Illuminate/Filesystem/Filesystem->getRequire('C://Users//amir u...', Array)
#8 C:/Users/amir umar danial/Herd/fyp-dashboard/fyp-clean/vendor/livewire/livewire/src/Mechanisms/ExtendBlade/ExtendedCompilerEngine.php(22): Illuminate/View/Engines/PhpEngine->evaluatePath('C://Users//amir u...', Array)
#9 C:/Users/amir umar danial/Herd/fyp-dashboard/fyp-clean/vendor/laravel/framework/src/Illuminate/View/Engines/CompilerEngine.php(76): Livewire/Mechanisms/ExtendBlade/ExtendedCompilerEngine->evaluatePath('C://Users//amir u...', Array)
#10 C:/Users/amir umar danial/Herd/fyp-dashboard/fyp-clean/vendor/livewire/livewire/src/Mechanisms/ExtendBlade/ExtendedCompilerEngine.php(10): Illuminate/View/Engines/CompilerEngine->get('C://Users//amir u...', Array)
#11 C:/Users/amir umar danial/Herd/fyp-dashboard/fyp-clean/vendor/laravel/framework/src/Illuminate/View/View.php(208): Livewire/Mechanisms/ExtendBlade/ExtendedCompilerEngine->get('C://Users//amir u...', Array)
#12 C:/Users/amir umar danial/Herd/fyp-dashboard/fyp-clean/vendor/laravel/framework/src/Illuminate/View/View.php(191): Illuminate/View/View->getContents()
#13 C:/Users/amir umar danial/Herd/fyp-dashboard/fyp-clean/vendor/laravel/framework/src/Illuminate/View/View.php(160): Illuminate/View/View->renderContents()
#14 C:/Users/amir umar danial/Herd/fyp-dashboard/fyp-clean/vendor/laravel/framework/src/Illuminate/View/Compilers/BladeCompiler.php(353): Illuminate/View/View->render()
#15 C:/Users/amir umar danial/Herd/fyp-dashboard/fyp-clean/vendor/laravel/framework/src/Illuminate/Support/Facades/Facade.php(363): Illuminate/View/Compilers/BladeCompiler::render('    <?php $layo...', Array)
#16 C:/Users/amir umar danial/Herd/fyp-dashboard/fyp-clean/vendor/livewire/livewire/src/Features/SupportPageComponents/SupportPageComponents.php(154): Illuminate/Support/Facades/Facade::__callStatic('render', Array)
#17 C:/Users/amir umar danial/Herd/fyp-dashboard/fyp-clean/vendor/livewire/livewire/src/Features/SupportPageComponents/HandlesPageComponents.php(26): Livewire/Features/SupportPageComponents/SupportPageComponents::renderContentsIntoLayout('<!DOCTYPE html>...', Object(Livewire/Features/SupportPageComponents/PageComponentConfig))
#18 C:/Users/amir umar danial/Herd/fyp-dashboard/fyp-clean/vendor/laravel/framework/src/Illuminate/Container/BoundMethod.php(36): Livewire/Component->__invoke()
#19 C:/Users/amir umar danial/Herd/fyp-dashboard/fyp-clean/vendor/laravel/framework/src/Illuminate/Container/Util.php(43): Illuminate/Container/BoundMethod::{closure:Illuminate/Container/BoundMethod::call():35}()
#20 C:/Users/amir umar danial/Herd/fyp-dashboard/fyp-clean/vendor/laravel/framework/src/Illuminate/Container/BoundMethod.php(96): Illuminate/Container/Util::unwrapIfClosure(Object(Closure))
#21 C:/Users/amir umar danial/Herd/fyp-dashboard/fyp-clean/vendor/laravel/framework/src/Illuminate/Container/BoundMethod.php(35): Illuminate/Container/BoundMethod::callBoundMethod(Object(Illuminate/Foundation/Application), Array, Object(Closure))
#22 C:/Users/amir umar danial/Herd/fyp-dashboard/fyp-clean/vendor/laravel/framework/src/Illuminate/Container/Container.php(799): Illuminate/Container/BoundMethod::call(Object(Illuminate/Foundation/Application), Array, Array, NULL)
#23 C:/Users/amir umar danial/Herd/fyp-dashboard/fyp-clean/vendor/livewire/volt/src/VoltManager.php(37): Illuminate/Container/Container->call(Array)
#24 C:/Users/amir umar danial/Herd/fyp-dashboard/fyp-clean/vendor/laravel/framework/src/Illuminate/Routing/CallableDispatcher.php(39): Livewire/Volt/VoltManager->{closure:Livewire/Volt/VoltManager::route():34}()
#25 C:/Users/amir umar danial/Herd/fyp-dashboard/fyp-clean/vendor/laravel/framework/src/Illuminate/Routing/Route.php(247): Illuminate/Routing/CallableDispatcher->dispatch(Object(Illuminate/Routing/Route), Object(Closure))
#26 C:/Users/amir umar danial/Herd/fyp-dashboard/fyp-clean/vendor/laravel/framework/src/Illuminate/Routing/Route.php(218): Illuminate/Routing/Route->runCallable()
#27 C:/Users/amir umar danial/Herd/fyp-dashboard/fyp-clean/vendor/laravel/framework/src/Illuminate/Routing/Router.php(822): Illuminate/Routing/Route->run()
#28 C:/Users/amir umar danial/Herd/fyp-dashboard/fyp-clean/vendor/laravel/framework/src/Illuminate/Pipeline/Pipeline.php(180): Illuminate/Routing/Router->{closure:Illuminate/Routing/Router::runRouteWithinStack():821}(Object(Illuminate/Http/Request))
#29 C:/Users/amir umar danial/Herd/fyp-dashboard/fyp-clean/vendor/laravel/framework/src/Illuminate/Routing/Middleware/SubstituteBindings.php(52): Illuminate/Pipeline/Pipeline->{closure:Illuminate/Pipeline/Pipeline::prepareDestination():178}(Object(Illuminate/Http/Request))
#30 C:/Users/amir umar danial/Herd/fyp-dashboard/fyp-clean/vendor/laravel/framework/src/Illuminate/Pipeline/Pipeline.php(219): Illuminate/Routing/Middleware/SubstituteBindings->handle(Object(Illuminate/Http/Request), Object(Closure))
#31 C:/Users/amir umar danial/Herd/fyp-dashboard/fyp-clean/vendor/laravel/framework/src/Illuminate/Foundation/Http/Middleware/PreventRequestForgery.php(104): Illuminate/Pipeline/Pipeline->{closure:{closure:Illuminate/Pipeline/Pipeline::carry():194}:195}(Object(Illuminate/Http/Request))
#32 C:/Users/amir umar danial/Herd/fyp-dashboard/fyp-clean/vendor/laravel/framework/src/Illuminate/Pipeline/Pipeline.php(219): Illuminate/Foundation/Http/Middleware/PreventRequestForgery->handle(Object(Illuminate/Http/Request), Object(Closure))
#33 C:/Users/amir umar danial/Herd/fyp-dashboard/fyp-clean/vendor/laravel/framework/src/Illuminate/View/Middleware/ShareErrorsFromSession.php(48): Illuminate/Pipeline/Pipeline->{closure:{closure:Illuminate/Pipeline/Pipeline::carry():194}:195}(Object(Illuminate/Http/Request))
#34 C:/Users/amir umar danial/Herd/fyp-dashboard/fyp-clean/vendor/laravel/framework/src/Illuminate/Pipeline/Pipeline.php(219): Illuminate/View/Middleware/ShareErrorsFromSession->handle(Object(Illuminate/Http/Request), Object(Closure))
#35 C:/Users/amir umar danial/Herd/fyp-dashboard/fyp-clean/vendor/laravel/framework/src/Illuminate/Session/Middleware/StartSession.php(120): Illuminate/Pipeline/Pipeline->{closure:{closure:Illuminate/Pipeline/Pipeline::carry():194}:195}(Object(Illuminate/Http/Request))
#36 C:/Users/amir umar danial/Herd/fyp-dashboard/fyp-clean/vendor/laravel/framework/src/Illuminate/Session/Middleware/StartSession.php(63): Illuminate/Session/Middleware/StartSession->handleStatefulRequest(Object(Illuminate/Http/Request), Object(Illuminate/Session/Store), Object(Closure))
#37 C:/Users/amir umar danial/Herd/fyp-dashboard/fyp-clean/vendor/laravel/framework/src/Illuminate/Pipeline/Pipeline.php(219): Illuminate/Session/Middleware/StartSession->handle(Object(Illuminate/Http/Request), Object(Closure))
#38 C:/Users/amir umar danial/Herd/fyp-dashboard/fyp-clean/vendor/laravel/framework/src/Illuminate/Cookie/Middleware/AddQueuedCookiesToResponse.php(36): Illuminate/Pipeline/Pipeline->{closure:{closure:Illuminate/Pipeline/Pipeline::carry():194}:195}(Object(Illuminate/Http/Request))
#39 C:/Users/amir umar danial/Herd/fyp-dashboard/fyp-clean/vendor/laravel/framework/src/Illuminate/Pipeline/Pipeline.php(219): Illuminate/Cookie/Middleware/AddQueuedCookiesToResponse->handle(Object(Illuminate/Http/Request), Object(Closure))
#40 C:/Users/amir umar danial/Herd/fyp-dashboard/fyp-clean/vendor/laravel/framework/src/Illuminate/Cookie/Middleware/EncryptCookies.php(74): Illuminate/Pipeline/Pipeline->{closure:{closure:Illuminate/Pipeline/Pipeline::carry():194}:195}(Object(Illuminate/Http/Request))
#41 C:/Users/amir umar danial/Herd/fyp-dashboard/fyp-clean/vendor/laravel/framework/src/Illuminate/Pipeline/Pipeline.php(219): Illuminate/Cookie/Middleware/EncryptCookies->handle(Object(Illuminate/Http/Request), Object(Closure))
#42 C:/Users/amir umar danial/Herd/fyp-dashboard/fyp-clean/vendor/laravel/framework/src/Illuminate/Pipeline/Pipeline.php(137): Illuminate/Pipeline/Pipeline->{closure:{closure:Illuminate/Pipeline/Pipeline::carry():194}:195}(Object(Illuminate/Http/Request))
#43 C:/Users/amir umar danial/Herd/fyp-dashboard/fyp-clean/vendor/laravel/framework/src/Illuminate/Routing/Router.php(821): Illuminate/Pipeline/Pipeline->then(Object(Closure))
#44 C:/Users/amir umar danial/Herd/fyp-dashboard/fyp-clean/vendor/laravel/framework/src/Illuminate/Routing/Router.php(800): Illuminate/Routing/Router->runRouteWithinStack(Object(Illuminate/Routing/Route), Object(Illuminate/Http/Request))
#45 C:/Users/amir umar danial/Herd/fyp-dashboard/fyp-clean/vendor/laravel/framework/src/Illuminate/Routing/Router.php(764): Illuminate/Routing/Router->runRoute(Object(Illuminate/Http/Request), Object(Illuminate/Routing/Route))
#46 C:/Users/amir umar danial/Herd/fyp-dashboard/fyp-clean/vendor/laravel/framework/src/Illuminate/Routing/Router.php(753): Illuminate/Routing/Router->dispatchToRoute(Object(Illuminate/Http/Request))
#47 C:/Users/amir umar danial/Herd/fyp-dashboard/fyp-clean/vendor/laravel/framework/src/Illuminate/Foundation/Http/Kernel.php(200): Illuminate/Routing/Router->dispatch(Object(Illuminate/Http/Request))
#48 C:/Users/amir umar danial/Herd/fyp-dashboard/fyp-clean/vendor/laravel/framework/src/Illuminate/Pipeline/Pipeline.php(180): Illuminate/Foundation/Http/Kernel->{closure:Illuminate/Foundation/Http/Kernel::dispatchToRouter():197}(Object(Illuminate/Http/Request))
#49 C:/Users/amir umar danial/Herd/fyp-dashboard/fyp-clean/vendor/livewire/livewire/src/Features/SupportDisablingBackButtonCache/DisableBackButtonCacheMiddleware.php(19): Illuminate/Pipeline/Pipeline->{closure:Illuminate/Pipeline/Pipeline::prepareDestination():178}(Object(Illuminate/Http/Request))
#50 C:/Users/amir umar danial/Herd/fyp-dashboard/fyp-clean/vendor/laravel/framework/src/Illuminate/Pipeline/Pipeline.php(219): Livewire/Features/SupportDisablingBackButtonCache/DisableBackButtonCacheMiddleware->handle(Object(Illuminate/Http/Request), Object(Closure))
#51 C:/Users/amir umar danial/Herd/fyp-dashboard/fyp-clean/vendor/laravel/framework/src/Illuminate/Foundation/Http/Middleware/TransformsRequest.php(21): Illuminate/Pipeline/Pipeline->{closure:{closure:Illuminate/Pipeline/Pipeline::carry():194}:195}(Object(Illuminate/Http/Request))
#52 C:/Users/amir umar danial/Herd/fyp-dashboard/fyp-clean/vendor/laravel/framework/src/Illuminate/Foundation/Http/Middleware/ConvertEmptyStringsToNull.php(31): Illuminate/Foundation/Http/Middleware/TransformsRequest->handle(Object(Illuminate/Http/Request), Object(Closure))
#53 C:/Users/amir umar danial/Herd/fyp-dashboard/fyp-clean/vendor/laravel/framework/src/Illuminate/Pipeline/Pipeline.php(219): Illuminate/Foundation/Http/Middleware/ConvertEmptyStringsToNull->handle(Object(Illuminate/Http/Request), Object(Closure))
#54 C:/Users/amir umar danial/Herd/fyp-dashboard/fyp-clean/vendor/laravel/framework/src/Illuminate/Foundation/Http/Middleware/TransformsRequest.php(21): Illuminate/Pipeline/Pipeline->{closure:{closure:Illuminate/Pipeline/Pipeline::carry():194}:195}(Object(Illuminate/Http/Request))
#55 C:/Users/amir umar danial/Herd/fyp-dashboard/fyp-clean/vendor/laravel/framework/src/Illuminate/Foundation/Http/Middleware/TrimStrings.php(51): Illuminate/Foundation/Http/Middleware/TransformsRequest->handle(Object(Illuminate/Http/Request), Object(Closure))
#56 C:/Users/amir umar danial/Herd/fyp-dashboard/fyp-clean/vendor/laravel/framework/src/Illuminate/Pipeline/Pipeline.php(219): Illuminate/Foundation/Http/Middleware/TrimStrings->handle(Object(Illuminate/Http/Request), Object(Closure))
#57 C:/Users/amir umar danial/Herd/fyp-dashboard/fyp-clean/vendor/laravel/framework/src/Illuminate/Http/Middleware/ValidatePostSize.php(27): Illuminate/Pipeline/Pipeline->{closure:{closure:Illuminate/Pipeline/Pipeline::carry():194}:195}(Object(Illuminate/Http/Request))
#58 C:/Users/amir umar danial/Herd/fyp-dashboard/fyp-clean/vendor/laravel/framework/src/Illuminate/Pipeline/Pipeline.php(219): Illuminate/Http/Middleware/ValidatePostSize->handle(Object(Illuminate/Http/Request), Object(Closure))
#59 C:/Users/amir umar danial/Herd/fyp-dashboard/fyp-clean/vendor/laravel/framework/src/Illuminate/Foundation/Http/Middleware/PreventRequestsDuringMaintenance.php(109): Illuminate/Pipeline/Pipeline->{closure:{closure:Illuminate/Pipeline/Pipeline::carry():194}:195}(Object(Illuminate/Http/Request))
#60 C:/Users/amir umar danial/Herd/fyp-dashboard/fyp-clean/vendor/laravel/framework/src/Illuminate/Pipeline/Pipeline.php(219): Illuminate/Foundation/Http/Middleware/PreventRequestsDuringMaintenance->handle(Object(Illuminate/Http/Request), Object(Closure))
#61 C:/Users/amir umar danial/Herd/fyp-dashboard/fyp-clean/vendor/laravel/framework/src/Illuminate/Http/Middleware/HandleCors.php(61): Illuminate/Pipeline/Pipeline->{closure:{closure:Illuminate/Pipeline/Pipeline::carry():194}:195}(Object(Illuminate/Http/Request))
#62 C:/Users/amir umar danial/Herd/fyp-dashboard/fyp-clean/vendor/laravel/framework/src/Illuminate/Pipeline/Pipeline.php(219): Illuminate/Http/Middleware/HandleCors->handle(Object(Illuminate/Http/Request), Object(Closure))
#63 C:/Users/amir umar danial/Herd/fyp-dashboard/fyp-clean/vendor/laravel/framework/src/Illuminate/Http/Middleware/TrustProxies.php(58): Illuminate/Pipeline/Pipeline->{closure:{closure:Illuminate/Pipeline/Pipeline::carry():194}:195}(Object(Illuminate/Http/Request))
#64 C:/Users/amir umar danial/Herd/fyp-dashboard/fyp-clean/vendor/laravel/framework/src/Illuminate/Pipeline/Pipeline.php(219): Illuminate/Http/Middleware/TrustProxies->handle(Object(Illuminate/Http/Request), Object(Closure))
#65 C:/Users/amir umar danial/Herd/fyp-dashboard/fyp-clean/vendor/laravel/framework/src/Illuminate/Foundation/Http/Middleware/InvokeDeferredCallbacks.php(22): Illuminate/Pipeline/Pipeline->{closure:{closure:Illuminate/Pipeline/Pipeline::carry():194}:195}(Object(Illuminate/Http/Request))
#66 C:/Users/amir umar danial/Herd/fyp-dashboard/fyp-clean/vendor/laravel/framework/src/Illuminate/Pipeline/Pipeline.php(219): Illuminate/Foundation/Http/Middleware/InvokeDeferredCallbacks->handle(Object(Illuminate/Http/Request), Object(Closure))
#67 C:/Users/amir umar danial/Herd/fyp-dashboard/fyp-clean/vendor/laravel/framework/src/Illuminate/Http/Middleware/ValidatePathEncoding.php(28): Illuminate/Pipeline/Pipeline->{closure:{closure:Illuminate/Pipeline/Pipeline::carry():194}:195}(Object(Illuminate/Http/Request))
#68 C:/Users/amir umar danial/Herd/fyp-dashboard/fyp-clean/vendor/laravel/framework/src/Illuminate/Pipeline/Pipeline.php(219): Illuminate/Http/Middleware/ValidatePathEncoding->handle(Object(Illuminate/Http/Request), Object(Closure))
#69 C:/Users/amir umar danial/Herd/fyp-dashboard/fyp-clean/vendor/laravel/framework/src/Illuminate/Pipeline/Pipeline.php(137): Illuminate/Pipeline/Pipeline->{closure:{closure:Illuminate/Pipeline/Pipeline::carry():194}:195}(Object(Illuminate/Http/Request))
#70 C:/Users/amir umar danial/Herd/fyp-dashboard/fyp-clean/vendor/laravel/framework/src/Illuminate/Foundation/Http/Kernel.php(175): Illuminate/Pipeline/Pipeline->then(Object(Closure))
#71 C:/Users/amir umar danial/Herd/fyp-dashboard/fyp-clean/vendor/laravel/framework/src/Illuminate/Foundation/Http/Kernel.php(144): Illuminate/Foundation/Http/Kernel->sendRequestThroughRouter(Object(Illuminate/Http/Request))
#72 C:/Users/amir umar danial/Herd/fyp-dashboard/fyp-clean/vendor/laravel/framework/src/Illuminate/Foundation/Application.php(1220): Illuminate/Foundation/Http/Kernel->handle(Object(Illuminate/Http/Request))
#73 C:/Users/amir umar danial/Herd/fyp-dashboard/fyp-clean/public/index.php(20): Illuminate/Foundation/Application->handleRequest(Object(Illuminate/Http/Request))
#74 C:/Program Files/Herd/resources/app.asar.unpacked/resources/valet/server.php(139): require('C://Users//amir u...')
#75 {main}
"} 
[2026-03-25 07:45:05] local.ERROR: Class "App\Providers\Livewire" not found {"exception":"[object] (Error(code: 0): Class \"App\\Providers\\Livewire\" not found at C:/Users/amir umar danial/Herd/fyp-dashboard/fyp-clean/app/Providers/AppServiceProvider.php:23)
[stacktrace]
#0 C:/Users/amir umar danial/Herd/fyp-dashboard/fyp-clean/vendor/laravel/framework/src/Illuminate/Container/BoundMethod.php(36): App/Providers/AppServiceProvider->boot()
#1 C:/Users/amir umar danial/Herd/fyp-dashboard/fyp-clean/vendor/laravel/framework/src/Illuminate/Container/Util.php(43): Illuminate/Container/BoundMethod::{closure:Illuminate/Container/BoundMethod::call():35}()
#2 C:/Users/amir umar danial/Herd/fyp-dashboard/fyp-clean/vendor/laravel/framework/src/Illuminate/Container/BoundMethod.php(96): Illuminate/Container/Util::unwrapIfClosure(Object(Closure))
#3 C:/Users/amir umar danial/Herd/fyp-dashboard/fyp-clean/vendor/laravel/framework/src/Illuminate/Container/BoundMethod.php(35): Illuminate/Container/BoundMethod::callBoundMethod(Object(Illuminate/Foundation/Application), Array, Object(Closure))
#4 C:/Users/amir umar danial/Herd/fyp-dashboard/fyp-clean/vendor/laravel/framework/src/Illuminate/Container/Container.php(799): Illuminate/Container/BoundMethod::call(Object(Illuminate/Foundation/Application), Array, Array, NULL)
#5 C:/Users/amir umar danial/Herd/fyp-dashboard/fyp-clean/vendor/laravel/framework/src/Illuminate/Foundation/Application.php(1151): Illuminate/Container/Container->call(Array)
#6 C:/Users/amir umar danial/Herd/fyp-dashboard/fyp-clean/vendor/laravel/framework/src/Illuminate/Foundation/Application.php(1132): Illuminate/Foundation/Application->bootProvider(Object(App/Providers/AppServiceProvider))
#7 [internal function]: Illuminate/Foundation/Application->{closure:Illuminate/Foundation/Application::boot():1131}(Object(App/Providers/AppServiceProvider), 'App//Providers//A...')
#8 C:/Users/amir umar danial/Herd/fyp-dashboard/fyp-clean/vendor/laravel/framework/src/Illuminate/Foundation/Application.php(1131): array_walk(Array, Object(Closure))
#9 C:/Users/amir umar danial/Herd/fyp-dashboard/fyp-clean/vendor/laravel/framework/src/Illuminate/Foundation/Bootstrap/BootProviders.php(17): Illuminate/Foundation/Application->boot()
#10 C:/Users/amir umar danial/Herd/fyp-dashboard/fyp-clean/vendor/laravel/framework/src/Illuminate/Foundation/Application.php(342): Illuminate/Foundation/Bootstrap/BootProviders->bootstrap(Object(Illuminate/Foundation/Application))
#11 C:/Users/amir umar danial/Herd/fyp-dashboard/fyp-clean/vendor/laravel/framework/src/Illuminate/Foundation/Http/Kernel.php(186): Illuminate/Foundation/Application->bootstrapWith(Array)
#12 C:/Users/amir umar danial/Herd/fyp-dashboard/fyp-clean/vendor/laravel/framework/src/Illuminate/Foundation/Http/Kernel.php(170): Illuminate/Foundation/Http/Kernel->bootstrap()
#13 C:/Users/amir umar danial/Herd/fyp-dashboard/fyp-clean/vendor/laravel/framework/src/Illuminate/Foundation/Http/Kernel.php(144): Illuminate/Foundation/Http/Kernel->sendRequestThroughRouter(Object(Illuminate/Http/Request))
#14 C:/Users/amir umar danial/Herd/fyp-dashboard/fyp-clean/vendor/laravel/framework/src/Illuminate/Foundation/Application.php(1220): Illuminate/Foundation/Http/Kernel->handle(Object(Illuminate/Http/Request))
#15 C:/Users/amir umar danial/Herd/fyp-dashboard/fyp-clean/public/index.php(20): Illuminate/Foundation/Application->handleRequest(Object(Illuminate/Http/Request))
#16 C:/Program Files/Herd/resources/app.asar.unpacked/resources/valet/server.php(139): require('C://Users//amir u...')
#17 {main}
"} 
[2026-03-26 06:49:24] local.ERROR: Class "App\Providers\Livewire" not found {"exception":"[object] (Error(code: 0): Class \"App\\Providers\\Livewire\" not found at C:/Users/amir umar danial/Herd/fyp-dashboard/fyp-clean/app/Providers/AppServiceProvider.php:23)
[stacktrace]
#0 C:/Users/amir umar danial/Herd/fyp-dashboard/fyp-clean/vendor/laravel/framework/src/Illuminate/Container/BoundMethod.php(36): App/Providers/AppServiceProvider->boot()
#1 C:/Users/amir umar danial/Herd/fyp-dashboard/fyp-clean/vendor/laravel/framework/src/Illuminate/Container/Util.php(43): Illuminate/Container/BoundMethod::{closure:Illuminate/Container/BoundMethod::call():35}()
#2 C:/Users/amir umar danial/Herd/fyp-dashboard/fyp-clean/vendor/laravel/framework/src/Illuminate/Container/BoundMethod.php(96): Illuminate/Container/Util::unwrapIfClosure(Object(Closure))
#3 C:/Users/amir umar danial/Herd/fyp-dashboard/fyp-clean/vendor/laravel/framework/src/Illuminate/Container/BoundMethod.php(35): Illuminate/Container/BoundMethod::callBoundMethod(Object(Illuminate/Foundation/Application), Array, Object(Closure))
#4 C:/Users/amir umar danial/Herd/fyp-dashboard/fyp-clean/vendor/laravel/framework/src/Illuminate/Container/Container.php(799): Illuminate/Container/BoundMethod::call(Object(Illuminate/Foundation/Application), Array, Array, NULL)
#5 C:/Users/amir umar danial/Herd/fyp-dashboard/fyp-clean/vendor/laravel/framework/src/Illuminate/Foundation/Application.php(1151): Illuminate/Container/Container->call(Array)
#6 C:/Users/amir umar danial/Herd/fyp-dashboard/fyp-clean/vendor/laravel/framework/src/Illuminate/Foundation/Application.php(1132): Illuminate/Foundation/Application->bootProvider(Object(App/Providers/AppServiceProvider))
#7 [internal function]: Illuminate/Foundation/Application->{closure:Illuminate/Foundation/Application::boot():1131}(Object(App/Providers/AppServiceProvider), 'App//Providers//A...')
#8 C:/Users/amir umar danial/Herd/fyp-dashboard/fyp-clean/vendor/laravel/framework/src/Illuminate/Foundation/Application.php(1131): array_walk(Array, Object(Closure))
#9 C:/Users/amir umar danial/Herd/fyp-dashboard/fyp-clean/vendor/laravel/framework/src/Illuminate/Foundation/Bootstrap/BootProviders.php(17): Illuminate/Foundation/Application->boot()
#10 C:/Users/amir umar danial/Herd/fyp-dashboard/fyp-clean/vendor/laravel/framework/src/Illuminate/Foundation/Application.php(342): Illuminate/Foundation/Bootstrap/BootProviders->bootstrap(Object(Illuminate/Foundation/Application))
#11 C:/Users/amir umar danial/Herd/fyp-dashboard/fyp-clean/vendor/laravel/framework/src/Illuminate/Foundation/Console/Kernel.php(494): Illuminate/Foundation/Application->bootstrapWith(Array)
#12 C:/Users/amir umar danial/Herd/fyp-dashboard/fyp-clean/vendor/laravel/framework/src/Illuminate/Foundation/Console/Kernel.php(196): Illuminate/Foundation/Console/Kernel->bootstrap()
#13 C:/Users/amir umar danial/Herd/fyp-dashboard/fyp-clean/vendor/laravel/framework/src/Illuminate/Foundation/Application.php(1235): Illuminate/Foundation/Console/Kernel->handle(Object(Symfony/Component/Console/Input/ArgvInput), Object(Symfony/Component/Console/Output/ConsoleOutput))
#14 C:/Users/amir umar danial/Herd/fyp-dashboard/fyp-clean/artisan(16): Illuminate/Foundation/Application->handleCommand(Object(Symfony/Component/Console/Input/ArgvInput))
#15 {main}
"} 
[2026-03-26 06:54:28] local.ERROR: Class "App\Providers\Livewire" not found {"exception":"[object] (Error(code: 0): Class \"App\\Providers\\Livewire\" not found at C:/Users/amir umar danial/Herd/fyp-dashboard/fyp-clean/app/Providers/AppServiceProvider.php:23)
[stacktrace]
#0 C:/Users/amir umar danial/Herd/fyp-dashboard/fyp-clean/vendor/laravel/framework/src/Illuminate/Container/BoundMethod.php(36): App/Providers/AppServiceProvider->boot()
#1 C:/Users/amir umar danial/Herd/fyp-dashboard/fyp-clean/vendor/laravel/framework/src/Illuminate/Container/Util.php(43): Illuminate/Container/BoundMethod::{closure:Illuminate/Container/BoundMethod::call():35}()
#2 C:/Users/amir umar danial/Herd/fyp-dashboard/fyp-clean/vendor/laravel/framework/src/Illuminate/Container/BoundMethod.php(96): Illuminate/Container/Util::unwrapIfClosure(Object(Closure))
#3 C:/Users/amir umar danial/Herd/fyp-dashboard/fyp-clean/vendor/laravel/framework/src/Illuminate/Container/BoundMethod.php(35): Illuminate/Container/BoundMethod::callBoundMethod(Object(Illuminate/Foundation/Application), Array, Object(Closure))
#4 C:/Users/amir umar danial/Herd/fyp-dashboard/fyp-clean/vendor/laravel/framework/src/Illuminate/Container/Container.php(799): Illuminate/Container/BoundMethod::call(Object(Illuminate/Foundation/Application), Array, Array, NULL)
#5 C:/Users/amir umar danial/Herd/fyp-dashboard/fyp-clean/vendor/laravel/framework/src/Illuminate/Foundation/Application.php(1151): Illuminate/Container/Container->call(Array)
#6 C:/Users/amir umar danial/Herd/fyp-dashboard/fyp-clean/vendor/laravel/framework/src/Illuminate/Foundation/Application.php(1132): Illuminate/Foundation/Application->bootProvider(Object(App/Providers/AppServiceProvider))
#7 [internal function]: Illuminate/Foundation/Application->{closure:Illuminate/Foundation/Application::boot():1131}(Object(App/Providers/AppServiceProvider), 'App//Providers//A...')
#8 C:/Users/amir umar danial/Herd/fyp-dashboard/fyp-clean/vendor/laravel/framework/src/Illuminate/Foundation/Application.php(1131): array_walk(Array, Object(Closure))
#9 C:/Users/amir umar danial/Herd/fyp-dashboard/fyp-clean/vendor/laravel/framework/src/Illuminate/Foundation/Bootstrap/BootProviders.php(17): Illuminate/Foundation/Application->boot()
#10 C:/Users/amir umar danial/Herd/fyp-dashboard/fyp-clean/vendor/laravel/framework/src/Illuminate/Foundation/Application.php(342): Illuminate/Foundation/Bootstrap/BootProviders->bootstrap(Object(Illuminate/Foundation/Application))
#11 C:/Users/amir umar danial/Herd/fyp-dashboard/fyp-clean/vendor/laravel/framework/src/Illuminate/Foundation/Console/Kernel.php(494): Illuminate/Foundation/Application->bootstrapWith(Array)
#12 C:/Users/amir umar danial/Herd/fyp-dashboard/fyp-clean/vendor/laravel/framework/src/Illuminate/Foundation/Console/Kernel.php(196): Illuminate/Foundation/Console/Kernel->bootstrap()
#13 C:/Users/amir umar danial/Herd/fyp-dashboard/fyp-clean/vendor/laravel/framework/src/Illuminate/Foundation/Application.php(1235): Illuminate/Foundation/Console/Kernel->handle(Object(Symfony/Component/Console/Input/ArgvInput), Object(Symfony/Component/Console/Output/ConsoleOutput))
#14 C:/Users/amir umar danial/Herd/fyp-dashboard/fyp-clean/artisan(16): Illuminate/Foundation/Application->handleCommand(Object(Symfony/Component/Console/Input/ArgvInput))
#15 {main}
"} 
[2026-03-26 07:02:37] local.ERROR: Class "App\Providers\Livewire" not found {"exception":"[object] (Error(code: 0): Class \"App\\Providers\\Livewire\" not found at C:/Users/amir umar danial/Herd/fyp-dashboard/fyp-clean/app/Providers/AppServiceProvider.php:23)
[stacktrace]
#0 C:/Users/amir umar danial/Herd/fyp-dashboard/fyp-clean/vendor/laravel/framework/src/Illuminate/Container/BoundMethod.php(36): App/Providers/AppServiceProvider->boot()
#1 C:/Users/amir umar danial/Herd/fyp-dashboard/fyp-clean/vendor/laravel/framework/src/Illuminate/Container/Util.php(43): Illuminate/Container/BoundMethod::{closure:Illuminate/Container/BoundMethod::call():35}()
#2 C:/Users/amir umar danial/Herd/fyp-dashboard/fyp-clean/vendor/laravel/framework/src/Illuminate/Container/BoundMethod.php(96): Illuminate/Container/Util::unwrapIfClosure(Object(Closure))
#3 C:/Users/amir umar danial/Herd/fyp-dashboard/fyp-clean/vendor/laravel/framework/src/Illuminate/Container/BoundMethod.php(35): Illuminate/Container/BoundMethod::callBoundMethod(Object(Illuminate/Foundation/Application), Array, Object(Closure))
#4 C:/Users/amir umar danial/Herd/fyp-dashboard/fyp-clean/vendor/laravel/framework/src/Illuminate/Container/Container.php(799): Illuminate/Container/BoundMethod::call(Object(Illuminate/Foundation/Application), Array, Array, NULL)
#5 C:/Users/amir umar danial/Herd/fyp-dashboard/fyp-clean/vendor/laravel/framework/src/Illuminate/Foundation/Application.php(1151): Illuminate/Container/Container->call(Array)
#6 C:/Users/amir umar danial/Herd/fyp-dashboard/fyp-clean/vendor/laravel/framework/src/Illuminate/Foundation/Application.php(1132): Illuminate/Foundation/Application->bootProvider(Object(App/Providers/AppServiceProvider))
#7 [internal function]: Illuminate/Foundation/Application->{closure:Illuminate/Foundation/Application::boot():1131}(Object(App/Providers/AppServiceProvider), 'App//Providers//A...')
#8 C:/Users/amir umar danial/Herd/fyp-dashboard/fyp-clean/vendor/laravel/framework/src/Illuminate/Foundation/Application.php(1131): array_walk(Array, Object(Closure))
#9 C:/Users/amir umar danial/Herd/fyp-dashboard/fyp-clean/vendor/laravel/framework/src/Illuminate/Foundation/Bootstrap/BootProviders.php(17): Illuminate/Foundation/Application->boot()
#10 C:/Users/amir umar danial/Herd/fyp-dashboard/fyp-clean/vendor/laravel/framework/src/Illuminate/Foundation/Application.php(342): Illuminate/Foundation/Bootstrap/BootProviders->bootstrap(Object(Illuminate/Foundation/Application))
#11 C:/Users/amir umar danial/Herd/fyp-dashboard/fyp-clean/vendor/laravel/framework/src/Illuminate/Foundation/Console/Kernel.php(494): Illuminate/Foundation/Application->bootstrapWith(Array)
#12 C:/Users/amir umar danial/Herd/fyp-dashboard/fyp-clean/vendor/laravel/framework/src/Illuminate/Foundation/Console/Kernel.php(196): Illuminate/Foundation/Console/Kernel->bootstrap()
#13 C:/Users/amir umar danial/Herd/fyp-dashboard/fyp-clean/vendor/laravel/framework/src/Illuminate/Foundation/Application.php(1235): Illuminate/Foundation/Console/Kernel->handle(Object(Symfony/Component/Console/Input/ArgvInput), Object(Symfony/Component/Console/Output/ConsoleOutput))
#14 C:/Users/amir umar danial/Herd/fyp-dashboard/fyp-clean/artisan(16): Illuminate/Foundation/Application->handleCommand(Object(Symfony/Component/Console/Input/ArgvInput))
#15 {main}
"} 
[2026-03-30 04:59:24] local.ERROR: Class "App\Providers\Livewire" not found {"exception":"[object] (Error(code: 0): Class \"App\\Providers\\Livewire\" not found at C:/Users/amir umar danial/Herd/fyp-dashboard/fyp-clean/app/Providers/AppServiceProvider.php:23)
[stacktrace]
#0 C:/Users/amir umar danial/Herd/fyp-dashboard/fyp-clean/vendor/laravel/framework/src/Illuminate/Container/BoundMethod.php(36): App/Providers/AppServiceProvider->boot()
#1 C:/Users/amir umar danial/Herd/fyp-dashboard/fyp-clean/vendor/laravel/framework/src/Illuminate/Container/Util.php(43): Illuminate/Container/BoundMethod::{closure:Illuminate/Container/BoundMethod::call():35}()
#2 C:/Users/amir umar danial/Herd/fyp-dashboard/fyp-clean/vendor/laravel/framework/src/Illuminate/Container/BoundMethod.php(96): Illuminate/Container/Util::unwrapIfClosure(Object(Closure))
#3 C:/Users/amir umar danial/Herd/fyp-dashboard/fyp-clean/vendor/laravel/framework/src/Illuminate/Container/BoundMethod.php(35): Illuminate/Container/BoundMethod::callBoundMethod(Object(Illuminate/Foundation/Application), Array, Object(Closure))
#4 C:/Users/amir umar danial/Herd/fyp-dashboard/fyp-clean/vendor/laravel/framework/src/Illuminate/Container/Container.php(799): Illuminate/Container/BoundMethod::call(Object(Illuminate/Foundation/Application), Array, Array, NULL)
#5 C:/Users/amir umar danial/Herd/fyp-dashboard/fyp-clean/vendor/laravel/framework/src/Illuminate/Foundation/Application.php(1151): Illuminate/Container/Container->call(Array)
#6 C:/Users/amir umar danial/Herd/fyp-dashboard/fyp-clean/vendor/laravel/framework/src/Illuminate/Foundation/Application.php(1132): Illuminate/Foundation/Application->bootProvider(Object(App/Providers/AppServiceProvider))
#7 [internal function]: Illuminate/Foundation/Application->{closure:Illuminate/Foundation/Application::boot():1131}(Object(App/Providers/AppServiceProvider), 'App//Providers//A...')
#8 C:/Users/amir umar danial/Herd/fyp-dashboard/fyp-clean/vendor/laravel/framework/src/Illuminate/Foundation/Application.php(1131): array_walk(Array, Object(Closure))
#9 C:/Users/amir umar danial/Herd/fyp-dashboard/fyp-clean/vendor/laravel/framework/src/Illuminate/Foundation/Bootstrap/BootProviders.php(17): Illuminate/Foundation/Application->boot()
#10 C:/Users/amir umar danial/Herd/fyp-dashboard/fyp-clean/vendor/laravel/framework/src/Illuminate/Foundation/Application.php(342): Illuminate/Foundation/Bootstrap/BootProviders->bootstrap(Object(Illuminate/Foundation/Application))
#11 C:/Users/amir umar danial/Herd/fyp-dashboard/fyp-clean/vendor/laravel/framework/src/Illuminate/Foundation/Console/Kernel.php(494): Illuminate/Foundation/Application->bootstrapWith(Array)
#12 C:/Users/amir umar danial/Herd/fyp-dashboard/fyp-clean/vendor/laravel/framework/src/Illuminate/Foundation/Console/Kernel.php(196): Illuminate/Foundation/Console/Kernel->bootstrap()
#13 C:/Users/amir umar danial/Herd/fyp-dashboard/fyp-clean/vendor/laravel/framework/src/Illuminate/Foundation/Application.php(1235): Illuminate/Foundation/Console/Kernel->handle(Object(Symfony/Component/Console/Input/ArgvInput), Object(Symfony/Component/Console/Output/ConsoleOutput))
#14 C:/Users/amir umar danial/Herd/fyp-dashboard/fyp-clean/artisan(16): Illuminate/Foundation/Application->handleCommand(Object(Symfony/Component/Console/Input/ArgvInput))
#15 {main}
"} 
